-1.5706826209647606,-3.098025948180772,-106.60492727081683,12.0,
4.683949332591222,3.1536034630869234,-106.72435478041527,13.0,
4.70293351604158,3.1563298233087056,-106.76247849246383,13.0,
-1.5829703478920383,-3.1435490198354916,-106.74014532715876,10.0,
-1.5719113259649522,-3.096535325691241,-106.5950966617811,7.0,
-1.596833088157221,-3.1493134166620047,-106.68550293333824,9.0,
4.7031023980079665,3.1484332458715483,-106.76114705764704,13.0,
4.684421438133306,3.150978129685639,-106.72615439717481,10.0,
4.715144088572583,3.1537025441142648,-106.73715032881562,8.0,
-1.5987659696232521,-3.1476917652516416,-106.68535642081105,5.0,
4.701300247352836,3.155565375037616,-106.76358112463491,8.0,
-1.5699335488588715,-3.1199819903379646,-106.72983141580663,10.0,
4.7054079972963505,3.144143443349335,-106.75121332425577,13.0,
-1.5644558367120858,-3.132200754134969,-106.72095027339286,7.0,
-1.6189202773029492,-3.1711083047949193,-106.35302961362605,4.0,
-1.5974441060106912,-3.1266513893674075,-106.73051942957186,9.0,
4.68333592583906,3.14326082672537,-106.70897171545465,8.0,
4.709265199207182,3.1641940282892023,-106.73803392480829,12.0,
4.7051620595017445,3.1531466412136746,-106.76220139401599,13.0,
-1.5816722630760323,-3.1241672466188524,-106.75943585993429,13.0,
5.010825519861755,3.1701301204046533,-94.53239850575729,13.0,
-1.5865293549768964,-3.1022067165642024,-106.65386965935116,11.0,
-1.6027063301661377,-3.0667976629665095,-106.15509355638693,13.0,
-1.519944767897145,-3.1348227957982058,-106.23016111910779,4.0,
4.688155864821623,3.1510506757087,-106.74129461654098,11.0,
4.6995271851159295,3.1622971439979914,-106.75216780081603,10.0,
4.719120517958267,3.1672233406297186,-106.69212333939291,12.0,
4.662994360457746,3.1689220260140365,-106.53014559728287,11.0,
4.697858125051323,3.1485034052613527,-106.76046817629596,13.0,
4.69328880286601,3.132499035266242,-106.69917429890911,13.0,
-1.5915778512199583,-3.097250905577472,-106.60255986598341,12.0,
-1.6182306616702977,-3.10538063862905,-106.49981055346385,11.0,
-1.5816314829170894,-3.1316433585725827,-106.76423157669007,12.0,
-1.5934728469186812,-3.1132685073910693,-106.70699434528136,7.0,
4.693518204490148,3.174939376156615,-106.69005419076933,5.0,
4.700988147547681,3.1535024551788964,-106.76449258306944,13.0,
-1.5876503279489922,-3.1469665542646696,-106.72213046844499,6.0,
-1.5850938496522637,-3.142066571735234,-106.74420869511768,8.0,
4.699431604186107,3.1539711937127044,-106.76403028049162,13.0,
-1.5750141951510335,-3.1165328650295003,-106.73192797231276,13.0,
-1.5884067839597653,-3.1218699885795416,-106.74941152448304,7.0,
-1.5768641395079164,-3.1330546749909614,-106.75959662303286,13.0,
4.706936682451721,3.1458808419622724,-106.75283732605631,13.0,
-1.5948816179719056,-3.114261039923249,-106.7068079929466,11.0,
-1.565980995092014,-3.129414975566048,-106.72857098183356,4.0,
-1.5982526391357301,-3.1444731389418092,-106.70154970552703,8.0,
4.702806245437425,3.147011760151095,-106.75926249912025,10.0,
-1.5689075991018584,-3.127525054257207,-106.73951803709582,10.0,
-1.5661222991087074,-3.139210834036969,-106.71793631146284,8.0,
4.679388133707871,3.1768584819547354,-106.62081132013056,11.0,
-1.5828625868999253,-3.1283946552118373,-106.7639916414719,11.0,
4.722561372114097,3.12903566842234,-106.62133594455227,9.0,
4.758190436443252,3.128321656439716,-106.2300859733045,11.0,
-1.6024219946985592,-3.15902522379651,-106.59546562612901,8.0,
4.762851608866821,3.1550304719906714,-106.23990415925333,8.0,
-1.5806414172821597,-3.1200428051602525,-106.74996071575308,11.0,
4.710079383643507,3.1615153753176615,-106.74336581227661,13.0,
-1.5850560778181115,-3.1225496709196636,-106.75519169607131,12.0,
-1.5888096813984873,-3.130651139211793,-106.75841434789342,13.0,
4.69909997923789,3.1196325583064914,-106.61169834587547,12.0,
4.676973277230718,3.165647769229551,-106.66234508204951,4.0,
-1.6453358615793938,-3.056591031369276,-105.47548652354513,6.0,
4.726405265872959,3.151248790635125,-106.67564815714942,13.0,
4.705262647463043,3.150249217082123,-106.76107451715379,11.0,
-1.544248059157706,-3.1098124498410122,-106.51152811246448,6.0,
4.7153390394749355,3.140325517045864,-106.71422542214836,8.0,
-1.5745952432830033,-3.1534478265707713,-106.68237385773806,8.0,
-1.55286334626703,-3.084202808286276,-106.35942427999078,13.0,
-1.5824669659364394,-3.1330887105211236,-106.7634144047351,12.0,
-1.5855479737149896,-3.1068003612376316,-106.68739174294883,11.0,
4.717159416545709,3.1404473404160966,-106.70699388792298,8.0,
-1.5685774138585828,-3.137232481988757,-106.73235443360505,8.0,
-1.561509808626759,-3.1075797216453935,-106.63647923508037,13.0,
4.711124084240192,3.1699514710843486,-106.71118288764323,3.0,
4.691843069355313,3.149876474194248,-106.75168084456944,11.0,
4.696350249554732,3.153885739043515,-106.76138012284447,13.0,
4.704361957939885,3.151523406087129,-106.76273908301378,11.0,
4.700038200180425,3.1544065447514873,-106.76409911274209,13.0,
4.7026900473992805,3.161849240668016,-106.75328958714321,10.0,
-1.5651910197433136,-3.106743533038609,-106.65006100891028,13.0,
-1.5678035297733846,-3.0925941542675437,-106.54316007327918,4.0,
-1.6087807637014309,-3.1431391016526837,-106.6450596435301,10.0,
4.700795571346803,3.162300326570243,-106.75248961147415,6.0,
-1.5705255140874395,-3.132311805349207,-106.745357720315,13.0,
4.695324058022145,3.167457535458698,-106.7309532667311,12.0,
4.688586452258505,3.152401743215943,-106.74320822697894,13.0,
-1.5796574859732027,-3.1245699398089495,-106.75928987387081,9.0,
4.678549974999374,3.149790326397615,-106.69390818407507,8.0,
4.664921807968729,3.1354898840287224,-106.5452016296374,11.0,
4.71928238287653,3.234050003351754,-105.82686434934513,13.0,
-1.5575031409780724,-3.1129417041889234,-106.64085550532876,12.0,
-1.5751030984346934,-3.1321001679800755,-106.75723052797271,12.0,
-1.5743928759321624,-3.1215758248453755,-106.7460914561791,10.0,
-1.5824924572640462,-3.123002573067398,-106.75730826645207,13.0,
4.697676166333723,3.1423662195262327,-106.74768892815176,11.0,
-1.5616592676470833,-3.139422937122557,-106.69492484337874,9.0,
-1.5883019851470632,-3.123953079339543,-106.75381187770788,12.0,
4.690350743178836,3.161406370164923,-106.73882288597409,11.0,
-1.577292407380525,-3.126687398182434,-106.75959841924875,13.0,
-1.5901342441856579,-3.131231590133123,-106.75564759243801,13.0,
4.6987425749815355,3.1569866040630528,-106.76154101739185,12.0,
4.695150307572057,3.151815283580412,-106.75960713198464,11.0,
-1.5525196134413157,-3.1187594984787497,-106.62650618637275,11.0,
-1.577368590199587,-3.131284384335204,-106.76124811331651,6.0,
-1.6148820797216015,-2.939127229358326,-101.80856987260758,4.0,
-1.5741561398006316,-3.1296363079635614,-106.75573105468068,9.0,
-1.586065317898696,-3.151015759597194,-106.70329787987014,6.0,
4.2855619708976675,2.8716161437012024,-78.10410983712654,12.0,
4.765035735451072,3.1531657018496264,-106.20264328760032,7.0,
4.700199163430664,3.1553731804431613,-106.76362069028086,13.0,
-1.5882852827439469,-3.135326740877245,-106.7558688648138,13.0,
4.6971369844051525,3.151700896688513,-106.76223997663003,13.0,
4.701270002798606,3.1774670048769385,-106.68202547240598,13.0,
-1.4744463998868613,-3.0652834277606047,-104.62542718092006,5.0,
4.702096421551814,3.167611050611085,-106.73486414145933,11.0,
-1.5721035304580377,-3.1415999165305255,-106.73274791282523,12.0,
-1.5926888812862718,-3.1351545999019543,-106.74605521634372,13.0,
4.7123200277505495,3.1554554061395574,-106.74624580083744,6.0,
-1.5308133090667644,-3.105094192294752,-106.31871447022186,8.0,
-1.607962215417628,-3.1567652824583035,-106.57784277128998,10.0,
-1.586871544341669,-3.140703982137891,-106.74653388184699,9.0,
4.702100145181693,3.1494806515007108,-106.76273328674274,12.0,
-1.6476919477146104,-3.1530074806327137,-106.1102055273019,10.0,
4.695657165236759,3.1552056264564126,-106.75982316306846,12.0,
-1.5839544627079598,-3.1312926211835226,-106.76393900579893,13.0,
4.690380292035243,3.152971326392539,-106.74892573075974,11.0,
4.6484474570236305,3.214165548644986,-105.8704525754226,8.0,
-1.5808625724280292,-3.13029280277086,-106.76431139104464,13.0,
-1.6438473267938158,-3.0923016815638857,-106.04425359469232,11.0,
-1.572216576915322,-3.1397005668162503,-106.73853003210654,13.0,
4.740484101775574,3.161310454708748,-106.54183903374906,13.0,
4.7007130450165935,3.128853248895238,-106.68480505693753,8.0,
4.599110024129312,3.125910064133035,-105.26308443852969,7.0,
4.694138316412095,3.1376128073747984,-106.72591712936114,13.0,
-1.556169787344318,-3.1190225956543696,-106.65511101861051,10.0,
-1.6064331968473429,-3.1161808513062264,-106.65583320172655,11.0,
-1.5860263272382435,-3.1333129732909497,-106.76119600598659,13.0,
-1.591598949071954,-3.1400306535361886,-106.73928328757015,13.0,
-1.604535519831699,-3.1616651645363683,-106.56152091948124,11.0,
-1.5825397974531192,-3.165402646071479,-106.5946941385063,11.0,
4.712951289703758,3.1425006271104343,-106.72982909510812,13.0,
4.721868742645874,3.1760730743726784,-106.63247252364933,2.0,
-1.6003146802901853,-3.06855425825344,-106.19789917554036,6.0,
4.692094096327992,3.178556819617717,-106.66311896319918,9.0,
4.700697738793024,3.1548160197040747,-106.76403488061824,13.0,
4.700945070045522,3.1567972291949773,-106.762489554817,13.0,
-1.5791628728517246,-3.1369086317118193,-106.75717983767062,11.0,
4.7087525390577465,3.165976062112564,-106.73323072703715,9.0,
-1.5796213254076457,-3.134307242454505,-106.76137827291346,12.0,
-1.5821251816680713,-3.131485788492157,-106.76432577104524,11.0,
-1.5309888668042824,3.1114175918816396,-87.30438846114221,11.0,
4.667644261966039,3.1213585697097206,-106.47678983192637,5.0,
-1.6302458994649165,-3.1377782762802284,-106.44092809745,3.0,
4.709710548012081,3.1834260932993033,-106.62731649526783,8.0,
-1.637391054022045,-3.1709836236231568,-106.12429395854372,5.0,
4.698790156715856,3.160696873672306,-106.75554024685992,12.0,
-1.5744677025071223,-3.1267685089833592,-106.75483370262657,12.0,
4.694982364429048,3.1517626073135254,-106.75931581295072,13.0,
-1.552755514353808,-3.1401092859762674,-106.63189674677625,12.0,
4.650289965727943,3.134745824986677,-106.36867087948454,12.0,
4.710765724125344,3.161606614437872,-106.74139370258274,11.0,
4.703673453255482,3.157046026939538,-106.76128981631345,12.0,
-1.5846980541008844,-3.1384392064297897,-106.7544575655495,12.0,
-1.5709389301223473,-3.1195725825089284,-106.73187828603676,13.0,
-1.6478612695765018,-3.1506475650622154,-106.12085803779206,5.0,
4.708438147206819,3.154441679217823,-106.7567334084782,12.0,
-1.58471965932285,-3.1220524722207994,-106.75436320455941,13.0,
4.59804613293488,3.0383979472699325,-103.57838349253194,4.0,
-1.5635068303165414,-3.131512377887219,-106.71653853906663,12.0,
-1.584992556175283,-3.1377269978644753,-106.75577362587299,6.0,
4.712784597055398,3.1472961091593556,-106.74108452650036,10.0,
4.704511660216747,3.151081875966469,-106.76239757947499,12.0,
-1.5637993300485047,-3.196294792380491,-106.11735257544375,12.0,
-1.6606389278958775,-3.2830179680797604,-102.81111385361476,10.0,
-1.581275829966115,-3.096527475155217,-106.60869670435177,13.0,
4.756676251036149,3.1383022596802004,-106.30848876714565,8.0,
-1.5792789430862886,-3.1430712665855505,-106.74073443403749,12.0,
4.693155258472256,3.147264780100226,-106.75165646632328,13.0,
4.703287351051115,3.158789201808728,-106.75916904750791,13.0,
4.698764716021354,3.1518667596124956,-106.76367060940308,13.0,
4.700888518202613,3.151220908420577,-106.76412867030075,11.0,
-1.5579875605681408,-3.1307581282180186,-106.6842835532582,12.0,
-1.5464830825035094,-3.0990865073188347,-106.45902031263034,1.0,
4.698698431551807,3.172181706407537,-106.71288715807921,12.0,
-1.5415798618185932,-3.1356974891283707,-106.53393385861683,13.0,
-1.537284337430015,-3.1559827503346214,-106.39475939202906,4.0,
-1.6313252845829247,-3.111844539257067,-106.38573935812146,13.0,
4.701758550175715,3.152477276653104,-106.76443656629485,13.0,
4.655613583486686,3.1966021920874077,-106.21823580671723,13.0,
4.661132316948673,3.150315138328696,-106.54568666955824,11.0,
-1.5971223693271799,-3.121243233133616,-106.72235227132593,10.0,
-1.5881626681254635,-3.128146518039326,-106.75892857034559,12.0,
-1.568462115473764,-3.1317613441755463,-106.73846029026343,12.0,
-1.6016851505264096,-3.1441644787219323,-106.68604465580702,2.0,
4.771449222723184,3.1235302293033342,-105.96178626829487,10.0,
4.681769656054802,3.1356173824654685,-106.67299121665998,11.0,
-1.6405140273039027,-3.1649221305723274,-106.13823148917841,10.0,
-1.5724269208078807,-3.160020549809429,-106.62914708559116,12.0,
-1.588120524675517,-3.1268498443255406,-106.75800430549843,10.0,
-1.5666958499334402,-3.1289702857922754,-106.73156035717061,12.0,
-1.6081961061862111,-3.1106207371791452,-106.6176957380068,12.0,
4.706821979122733,3.151777806028032,-106.75974974759905,13.0,
-1.544431514520547,-3.125042702344034,-106.56579940006372,12.0,
4.656753025300757,3.2035180346424816,-106.14301959569828,9.0,
4.680497534407797,3.146428880799207,-106.70105773488271,13.0,
-1.5874310644019236,-3.1198417198695685,-106.74572560555058,9.0,
-1.583859423909748,-3.0843258667453224,-106.47547798569175,6.0,
-1.5805259548253348,-3.1277285012196283,-106.76331464872399,12.0,
-1.5346332833906997,3.1049064768164927,-87.30942509523027,13.0,
-1.5756138270975333,-3.146127086419871,-106.72381403038153,12.0,
-1.580247378036197,-3.1329315138640994,-106.76304326078048,9.0,
4.689233127050445,3.1551367940850596,-106.74467516818444,11.0,
4.692910346832256,3.174621750664806,-106.69062946161505,13.0,
-1.5865159331544143,-3.1356923270105246,-106.75788110328476,11.0,
4.71550999188064,3.1459381995036133,-106.72883742613128,13.0,
4.713193905256457,3.1537974355006297,-106.744165367945,11.0,
4.685022020211653,3.167106043573295,-106.7013387818774,13.0,
4.696504438298052,3.147988525917078,-106.75838445626141,13.0,
-1.612633526441122,-3.1602859134112076,-106.5149542856888,1.0,
4.776604370414296,3.2058064390708685,-105.60960728467687,9.0,
4.686702754121734,3.166638883585289,-106.71017960385483,8.0,
-1.6051779057679663,-3.1248874076737816,-106.68757554811201,13.0,
-1.5699165776061066,-3.0992332545193224,-106.61290031087537,11.0,
4.690851138309937,3.1425298651633944,-106.73559303397512,6.0,
4.708650389338437,3.1438840185401506,-106.745181855635,12.0,
-1.5961960552344185,-3.1491543045355836,-106.68881695630944,7.0,
-1.5906262103791973,-3.1028834278830386,-106.65156559604544,11.0,
4.699537719530842,3.147850531238779,-106.76068332780997,13.0,
-1.5723499813880413,-3.1277075767567726,-106.75052270338001,13.0,
4.733318969753233,3.1378084501129573,-106.58892429453034,11.0,
-1.5787494051687359,-3.1233912995744912,-106.75654604872202,13.0,
4.687320606818458,3.121750763538341,-106.60587671071409,12.0,
4.7053986936218335,3.1514292193053075,-106.76160428453917,13.0,
4.660876658460787,3.253631437323426,-105.16584062255559,9.0,
4.699061474720183,3.158484653534352,-106.75975163490568,12.0,
4.692727795958927,3.152623672343576,-106.75503335952828,11.0,
4.700604903009057,3.1688524412266723,-106.72973884786325,13.0,
-1.5789467799523094,-3.123045759439626,-106.75605732624489,12.0,
-1.5689393350064742,-3.1368432050351522,-106.73442794396536,13.0,
-1.5556419408551228,-3.1662453139107933,-106.48802623470873,5.0,
-1.5980890701285444,-3.170427695481562,-106.50912106089682,5.0,
-1.5480040656541194,-3.1055707004225233,-106.52260027873905,12.0,
-1.597966850364301,-3.124534220498953,-106.72551524323302,7.0,
-1.5875240941202962,-3.1435855369864223,-106.73624748933318,13.0,
-1.5820858602273202,-3.122208954513593,-106.7556653421798,13.0,
4.7117025637484335,3.148176055484942,-106.74570499570703,12.0,
4.712324696369857,3.166660524912897,-106.72150129885341,13.0,
4.691580465211932,3.158867983330887,-106.7473067309327,13.0,
4.692950095851192,3.1428887036697515,-106.74182215812311,8.0,
-1.5932630603263491,-3.1306296333277164,-106.7475451445947,10.0,
-1.5798957461807812,-3.1345819489514586,-106.76124208131023,7.0,
-1.6134689766568542,-3.137934698521664,-106.6223730030342,12.0,
4.737360878186454,3.154749015909556,-106.58296383300497,7.0,
4.709585917301804,3.159438988403054,-106.74881335179516,7.0,
4.700498849713047,3.142981672646848,-106.7508826094501,7.0,
4.708315232217711,3.127836579011136,-106.67029831599845,5.0,
-1.5808369081722007,-3.1452043145995243,-106.73351521004354,4.0,
-1.5530181184509448,-3.1281411771019685,-106.6474723125061,12.0,
-1.577483265024739,-3.111150222651796,-106.71168634626136,13.0,
4.697986888299709,3.156921063650138,-106.76105181216934,12.0,
4.707130029133021,3.1446697181423287,-106.74995060975091,13.0,
4.700806353006691,3.1606810185721317,-106.7562935106169,9.0,
4.706861928300803,3.1537532163670146,-106.75980240740041,13.0,
-1.642960349234278,-3.089498766397952,-106.0287339765581,13.0,
-1.6746019184531244,-3.173637865491363,-105.35498040765839,5.0,
4.7106353314386675,3.17400061699471,-106.69142449898816,13.0,
-1.566046752904139,-3.1159199873676897,-106.701211697819,11.0,
4.631220378662475,3.244186883496569,-104.96447849469484,11.0,
4.696481341719522,3.1600597167889193,-106.75465236680597,2.0,
4.70365978727769,3.1511015986032205,-106.7631230637773,12.0,
-1.5968211204814535,-3.150188064022851,-106.68088756837476,6.0,
4.690619617845555,3.130591512021108,-106.68144550356547,10.0,
-1.5800489169455314,-3.1340461296017907,-106.76193583869458,8.0,
-1.5706010780283544,-3.13242563351026,-106.74552958135693,13.0,
-1.3001104192706583,-3.20940441580077,-95.63549961949253,0.0,
-1.5857132438352481,-3.1311131084216464,-106.76268802673177,12.0,
-1.4876690069399627,-3.1571171370290405,-105.43970078754701,12.0,
-1.604170959700392,-3.130810829215764,-106.69794822419878,5.0,
-1.5826082563928834,-3.1363730635396467,-106.75935535688085,13.0,
-1.6032561124116513,-3.1304719965196157,-106.70337992462042,13.0,
-1.5686394640372465,-3.140809174723775,-106.72386369989366,13.0,
4.6881610625039585,3.1510869664194274,-106.74133072108631,10.0,
-1.5965783570542729,-3.131781967660896,-106.73564955393196,7.0,
-1.6075060638634595,-3.1342666250909312,-106.67428636260782,13.0,
4.714308866573487,3.159801568554322,-106.7340618638868,13.0,
-1.58382902470577,-3.130924309979631,-106.7640850359317,13.0,
-1.5867395575320535,-3.121570240692332,-106.75122031197489,11.0,
4.657914277458398,3.1676671569211616,-106.47907463016196,13.0,
-1.5818387184626066,-3.141687451593501,-106.74652928135161,11.0,
4.672190399163289,3.18829012263323,-106.4774952963199,9.0,
-1.606977309638653,-3.1420995721478415,-106.66121328677264,8.0,
-1.6433424890113324,-3.12253669720032,-106.24427710932767,11.0,
4.687329626271786,3.1507946757688905,-106.73814686170559,13.0,
4.705732455215791,3.1559279094003334,-106.76031510312723,9.0,
4.701555703905139,3.156886535145676,-106.76236367946971,13.0,
-1.5696809346718452,-3.1437240338316896,-106.71789850933371,13.0,
-1.5822239285457278,-3.133833865230403,-106.76276850452231,9.0,
-1.582933236874342,-3.1218879643415924,-106.75484368976659,12.0,
-1.565758100833634,-3.1359111327537974,-106.72304905105085,12.0,
-1.5890067960784868,-3.126500078015884,-106.75608796654778,8.0,
4.7468683543631185,3.134343858484803,-106.42681992253534,7.0,
4.495895967883247,3.098573366532743,-100.88621741228008,3.0,
4.601651010422658,3.143418474276124,-105.41554139676285,13.0,
4.720805586436825,3.1469972402338864,-106.70577216923381,10.0,
-1.5492961401780587,-3.1159172074246957,-106.58904098475672,12.0,
4.716774458660156,3.1398984814058606,-106.70674536741228,8.0,
-1.5695107079208077,-3.120687963787797,-106.73029998173692,13.0,
-1.5649121416961937,-3.1706714098193474,-106.49779357411825,1.0,
-1.5694655248038694,-3.1390687999905444,-106.73153444067951,11.0,
-1.5887481779379145,-3.1340914354232883,-106.75656204146102,9.0,
-1.5825388647723873,-3.126768931288201,-106.7628510742709,7.0,
-1.553662940317998,-3.098605550265355,-106.5176834743357,5.0,
4.6884746550771546,3.168688807031553,-106.70843690393508,13.0,
-1.5744771968644806,-3.12228495893858,-106.7478773598943,12.0,
4.69234674932788,3.1649641137644275,-106.73410179728978,10.0,
4.702785538131099,3.1670002646201376,-106.73702462552427,13.0,
-1.5854853774046826,-3.1256100460505047,-106.76001883955851,9.0,
-1.5815784835988884,-3.0758099683964346,-106.35959946682719,11.0,
-1.5904728001887252,-3.123204618603289,-106.74808514455542,7.0,
-1.598874750583948,-3.11995332309763,-106.71124503440937,10.0,
-1.6126354550457689,-3.133715708708988,-106.6356320254626,4.0,
-1.5848697157678968,-3.1245779583052817,-106.75907166046781,3.0,
4.707701663902368,3.145212296848253,-106.75013989480051,9.0,
-1.5526624744210396,-3.1505691712200345,-106.58712934630881,12.0,
-1.5698742437298567,-3.1119622163792817,-106.69841429389217,11.0,
-1.5903644949852174,-3.106410915226349,-106.6769664164853,11.0,
-1.581690105341178,-3.1511416999666375,-106.7044812042368,11.0,
-1.5802700112405041,-3.1692878674581193,-106.5544639214675,12.0,
-1.5659144895371584,-3.11646954967025,-106.70272939244674,6.0,
-1.6382170566366978,-3.2377401290982366,-104.77425471531035,12.0,
-1.5819602306790306,-3.1317146060527574,-106.76423568999232,13.0,
-1.5827072807329854,-3.134093594420392,-106.76246391869508,12.0,
-1.5523662071335935,-3.1280312568659334,-106.6421401998826,9.0,
4.69823422372671,3.15234206310825,-106.76340736405967,5.0,
-1.5605364817071978,-3.135000466532778,-106.69706569016597,10.0,
-1.5987526871109878,-3.1294031024039097,-106.72654668656344,13.0,
-1.5590849076186346,-3.118769422450153,-106.67390923832777,11.0,
-1.5849074959136988,-3.1286425608476494,-106.7631242587259,13.0,
-1.5508244126847057,3.1161865925154584,-87.2728653710391,13.0,
4.705963722995333,3.1547253484793525,-106.76078846378427,7.0,
4.662936903210742,3.2067063830745415,-106.16751123799139,12.0,
-1.6013630222822974,-3.1072405183153493,-106.64045230858126,12.0,
-1.569076940384133,-3.1213888410693427,-106.73053019958823,13.0,
4.666018732075407,3.136477956266379,-106.56036757362054,8.0,
4.701224551303986,3.1481289186527226,-106.7613520796921,12.0,
-1.5715405215151963,-3.1369117562032245,-106.74284671213265,13.0,
4.704459502774353,3.153404146014698,-106.7629064252978,11.0,
4.70545608023307,3.1445825458834675,-106.75219338490996,6.0,
4.713910197521005,3.1841075999275246,-106.60940826322305,13.0,
4.70822356706065,3.1819636264081352,-106.64235923484452,7.0,
-1.579497421760902,-3.1134275310542376,-106.72483802699152,11.0,
-1.604684233870127,-3.121555742862459,-106.68409982070428,13.0,
-1.636066394173906,-3.037005506846827,-105.18249200021619,8.0,
-1.5698722329246049,-3.0961727930206973,-106.58557544769312,12.0,
-1.5769366610182483,-3.1272595004205996,-106.75961796734123,9.0,
-1.5790121233760475,-3.118595842251295,-106.74462469055008,7.0,
-1.5967653056858204,-3.134488963973561,-106.73283236980437,12.0,
4.7023468175442185,3.14939670619037,-106.76257066022102,13.0,
4.694120341135717,3.202355623662851,-106.42339661852245,11.0,
4.702558402219982,3.152739141408584,-106.76421525422785,11.0,
4.690381234916852,3.158629618279568,-106.74436598773231,13.0,
-1.5919771290767855,-3.130404653997904,-106.75125531723904,11.0,
-1.5880343700510255,-3.135054918855261,-106.75664726674113,13.0,
4.7029189286337525,3.14764001413246,-106.76017630595098,9.0,
4.704151273686926,3.1527483229216022,-106.76320331157925,9.0,
-1.6094562580126581,-3.139020546664838,-106.65212597782077,13.0,
-1.5811460509096091,-3.1426271712582943,-106.74331130231604,9.0,
-1.59063828479483,-3.1425237621386604,-106.73411535026894,11.0,
-1.58423810060628,-3.122880822485923,-106.7564527333769,12.0,
-1.5600677253197004,-3.134254116513027,-106.6951782649163,13.0,
4.710523273877842,3.1405686200543785,-106.73092419685346,12.0,
-1.5819268442768175,-3.1365401877982793,-106.75908534127495,12.0,
4.748256764600517,3.092264850726921,-105.94762071461665,3.0,
4.647060786806983,3.197137264398146,-106.09551485182382,13.0,
4.711431755977358,3.159573853283236,-106.74379393967418,12.0,
-1.5895037066298903,-3.12666551416821,-106.75528267306728,12.0,
-1.5905129325839265,-3.12449614046658,-106.75028155753691,11.0,
4.680789108733511,3.1388748327221925,-106.68162901111212,13.0,
-1.6015997908687023,-3.14740745507621,-106.67277385377301,10.0,
4.700921436286195,3.1651739374222587,-106.74397977480005,13.0,
4.708655150010505,3.1356334979933145,-106.715153088823,13.0,
4.701239000823031,3.124590608209659,-106.65407108223776,13.0,
-1.5831191416120656,-3.131642761173511,-106.76414056244823,10.0,
4.681434777383006,3.1572718905149455,-106.70904390126692,12.0,
-1.5644114610485331,-3.084083687928367,-106.43138203771427,7.0,
4.694027893861604,3.13228347237158,-106.69942845270418,7.0,
-1.5783560381926465,-3.0918200302672596,-106.56062205610007,11.0,
-1.5599326619177818,-3.142929367891802,-106.67407042031864,8.0,
4.705014275354511,3.160161090260625,-106.7552618137527,6.0,
-1.6028435717473617,-3.125296833651748,-106.70218564812005,9.0,
-1.5848791416832617,-3.1314715878230284,-106.76330820254326,13.0,
-1.7956312840676842,-3.187686617556037,-100.40842315562986,3.0,
4.695385946555512,3.1701249789807333,-106.71942357897609,12.0,
-1.5430753484186783,-3.162153062992613,-106.41243506567405,13.0,
-1.5568890501733306,-3.112583138910625,-106.63496589618681,13.0,
4.6839716665189215,3.191852881886877,-106.51602020978736,7.0,
-1.5772172280295556,-3.137667891422615,-106.75356415339972,13.0,
-1.5673678672983138,-3.141940224917046,-106.71540107387692,12.0,
4.69280740374631,3.1426700723300605,-106.740898114411,8.0,
4.704978505713974,3.1470609244732204,-106.75761643561442,11.0,
-1.5578000506051377,-3.1126687295575857,-106.64155094204112,12.0,
4.735264933445775,3.1250974201991197,-106.49515417176436,10.0,
4.721131482052941,3.203592621018622,-106.36026489472096,11.0,
4.722666704953332,3.157702429883896,-106.69735823698586,9.0,
-1.559157823339909,-3.139065006948936,-106.68083490256171,13.0,
-1.5346022864660351,-3.154101631824542,-106.37360949212204,9.0,
-1.3282502726209255,-3.303125335295569,-94.39383053919862,1.0,
4.698589074986217,3.1420936543936198,-106.74759886061958,10.0,
-1.5476417616070386,-3.135689362648645,-106.59650914487658,10.0,
-1.621687467440076,-3.1201744530804647,-106.53576645256433,13.0,
4.762908567381324,3.1360773717699684,-106.19808183110851,8.0,
4.691413714654698,3.1529702282743335,-106.75180417635248,12.0,
4.697791775726557,3.1562283183750433,-106.76157751620657,11.0,
-1.5720831734148446,-3.145165914885999,-106.71974194676763,10.0,
4.716744886967716,3.1527248267165215,-106.73063860353574,4.0,
-1.5867749518394774,-3.1264585699164247,-106.75958410996836,13.0,
4.674957105430124,3.201511807029429,-106.34648442878613,9.0,
4.685531452344161,3.1515383955614644,-106.73128466590586,13.0,
4.690918440060066,3.1510553598786735,-106.75001147593349,11.0,
-1.582526995935403,-3.1201578964036942,-106.75053346830646,13.0,
4.7148668551820805,3.145678400822043,-106.730831089272,10.0,
4.6992958890614025,3.1520955264226216,-106.76402262354526,11.0,
-1.594343836848466,-3.123652248133955,-106.7379736543941,13.0,
4.680672001622854,3.1461400823178276,-106.70151747593466,12.0,
4.704394532819861,3.1570193176359753,-106.76073279896582,10.0,
4.687110410990067,3.154814020853583,-106.73735751898829,13.0,
4.69341039838519,3.162684499273876,-106.74335378881372,13.0,
4.700623657835031,3.163597121572485,-106.74890616208866,10.0,
4.698200003673496,3.1592047692109513,-106.75799965018922,11.0,
-1.5960641440566252,-3.1379704457698625,-106.72994257882053,11.0,
4.686931386955385,3.1435421874602314,-106.72532652292882,12.0,
4.690186894396781,3.1387420525465255,-106.72095983932545,12.0,
-1.56122372476581,-3.2061867872585954,-105.9107459252133,5.0,
-1.685127617998662,-3.241979995492925,-103.66309014214761,3.0,
4.700319854648767,3.1554010813443125,-106.76362843570126,9.0,
-1.567180846411395,-3.138453396818765,-106.72427330949759,6.0,
-1.5943747044202852,-3.132335845402468,-106.74344393523157,11.0,
4.711702924727214,3.154278839837488,-106.74870205274037,12.0,
-1.5685100273303565,-3.131711710925542,-106.73866196074106,13.0,
4.6884959832569475,3.1973336582347707,-106.47224294927223,12.0,
4.7390923526310464,3.1557798768656666,-106.56470678278811,13.0,
-1.7122021978811903,-3.123842720433416,-104.484661726367,2.0,
-1.5809215182743546,-3.136446939678571,-106.75903491749078,12.0,
-1.5763433679779906,-3.1308134814406676,-106.75986567179439,13.0,
-1.6393624940335543,-2.9931194374802703,-103.79101837827181,12.0,
4.727788156239038,3.0899598322930717,-106.11858916952345,2.0,
4.699397987620438,3.140178748077444,-106.74183065327534,10.0,
4.707098972643977,3.1328225921065713,-106.70363696431633,9.0,
4.696479780650557,3.147275616230213,-106.75732054930187,2.0,
4.72340475643113,3.1534515951649906,-106.69579432499125,12.0,
4.693808608250946,3.1470363865602904,-106.75264572248007,12.0,
4.691004741183552,3.1561264998356426,-106.74924377056543,13.0,
-1.6358361808379243,-3.1245187215576307,-106.36547132485208,4.0,
-1.674863513370293,-2.779333667218139,-90.8068578240728,7.0,
-1.578151172898569,-3.1408023166775236,-106.74695305794035,4.0,
4.696030098959096,3.152152780081252,-106.76100803528033,13.0,
4.6929807235865715,3.1872438104651937,-106.59386754937614,10.0,
-1.5656556641756498,-3.098551284856076,-106.59052351275061,5.0,
-1.5608901966174653,-3.138749703336497,-106.69216314120386,11.0,
-1.578608347681858,-3.1328802622416725,-106.76184988048777,8.0,
4.6712967967562875,3.134240862623771,-106.59629250700999,13.0,
4.7282399348247,3.1868563161916112,-106.50711711912993,1.0,
4.711125941759672,3.1497302851599955,-106.7490876570334,9.0,
4.682807479314585,3.1435336465205745,-106.70708259907727,6.0,
-1.5935905559473698,-3.144295334391436,-106.71973452535946,9.0,
-1.6050356930915046,-3.16325603162537,-106.54444753666859,12.0,
4.756581637032543,3.142686578986944,-106.32541653749126,9.0,
4.691133092532938,3.1556885008201054,-106.74996144011028,10.0,
4.661940679052963,3.147132486747437,-106.55095824379342,3.0,
-1.5792363473401252,-3.136807657392517,-106.75742428172674,11.0,
4.700724425683472,3.1514477525497173,-106.76421840126073,12.0,
4.584852739483031,3.2029232438262785,-104.5964712063084,13.0,
4.694338680497272,3.150735596820641,-106.75772561524079,11.0,
-1.6475691750241332,-3.2811587307409074,-103.13143825261832,6.0,
4.713016904878536,3.145814454951978,-106.73768993212383,11.0,
-1.5797206454016277,-3.185434890497496,-106.34525999095233,11.0,
4.729795756708834,3.132326147025924,-106.59132892293073,11.0,
4.708277975995198,3.146061408671952,-106.75074698968513,13.0,
-1.5773986730476557,-3.14087242323067,-106.74582938520186,7.0,
-1.5998840726866632,-3.150704798465441,-106.66453805260042,4.0,
4.676944143637219,3.144020610872116,-106.67436918085092,12.0,
4.721896569485326,3.1579205265731893,-106.70156428134679,7.0,
4.722797700506131,3.2512239914741103,-105.39476440209799,5.0,
-1.6664020855033528,-3.1568447613602877,-105.70685772872612,7.0,
4.694540167227038,3.1612903032806514,-106.74904766412804,13.0,
-1.5759695959760842,-3.136382640351538,-106.7540534219514,5.0,
4.702478431385513,3.1678396268064306,-106.73381755282298,12.0,
4.634125286221142,3.1743186839094513,-106.08889174661354,13.0,
-1.63503369265585,-3.110984085703797,-106.32956570590285,13.0,
4.695200770786198,3.1313359523791013,-106.6959587339731,13.0,
-1.5837830486505602,-3.1328265245644644,-106.76326079131469,13.0,
4.684086551127876,3.146365787970797,-106.7193567442492,5.0,
4.748169375709052,3.0629246261451075,-105.34297332391527,8.0,
4.71300100618034,3.1552097091942612,-106.74423028892264,12.0,
4.703688360168974,3.1653382668570096,-106.74253084444175,12.0,
4.778022645600086,3.134014151904142,-105.90021339958398,13.0,
-1.6016544626943732,-3.1419233285108676,-106.69400432373187,13.0,
4.689111470461254,3.1663319203063507,-106.7200698937983,10.0,
-1.5656227367796145,-3.1503586069887977,-106.67077139207903,4.0,
4.692001703792118,3.1646982885255572,-106.7341260589204,10.0,
4.704620147609014,3.145670463487915,-106.7554687203644,13.0,
-1.5852307749372707,-3.151229539541513,-106.70284150332587,8.0,
-1.5895449702180893,-3.1412600368293657,-106.74050218884325,9.0,
4.703740743297142,3.1592104774177656,-106.75816728587866,13.0,
-1.575975761452494,-3.1482109057864265,-106.7147368307989,8.0,
4.712337167522077,3.164100810299677,-106.7301474219918,13.0,
4.698625005217792,3.1508792140269692,-106.76316060029798,12.0,
-1.614005984620568,-3.1791441601291432,-106.30034179020254,13.0,
-1.5875084243753506,-3.1178688815444917,-106.73942272066304,11.0,
4.693770284228648,3.1521064296363903,-106.75718952444635,13.0,
-1.5430468238151838,-3.1219079041004227,-106.5456332798598,5.0,
-1.5759980271174039,-3.1289191177486004,-106.75912325459049,13.0,
-1.5777740807353104,-3.136638520312622,-106.75624635909094,13.0,
-1.5674016062261988,-3.1337365909148205,-106.73289821516128,6.0,
4.70689496309215,3.1554434591015195,-106.75899805361831,13.0,
4.703132837334524,3.151630939486857,-106.76369656035531,13.0,
-1.5820769256227347,-3.1283657704614165,-106.7640503631365,9.0,
4.5864480365820945,3.194181026508417,-104.7544865150248,2.0,
-1.5403169652021982,-3.1339774162332996,-106.52194984340176,4.0,
4.708386876171642,3.1494636980792476,-106.75541668012079,11.0,
4.706071609539292,3.135066159969305,-106.71698113214002,11.0,
4.695763281691368,3.1670338498553483,-106.73329591062232,12.0,
-1.5710267131126305,-3.1237897491123388,-106.74197194695823,6.0,
-1.5908951731193892,-3.126184484809315,-106.75168196193495,11.0,
-1.7006848642585166,-3.035328198897808,-103.64588701144989,1.0,
-1.5837764699153132,-3.13690694835624,-106.75809588907684,8.0,
-1.5763570908060793,-3.2621015733234664,-104.39609390775604,4.0,
-1.5634751731886587,-3.144812167600082,-106.68694297037013,12.0,
4.703247781494088,3.159349911685067,-106.75825107711862,13.0,
4.695582497844689,3.1419107599629084,-106.7438469029202,8.0,
4.698683196940463,3.153278360966757,-106.76375431704027,11.0,
-1.583943258737103,-3.124422891784246,-106.75941275563447,11.0,
4.697759954912451,3.1125431650260413,-106.5391132695677,6.0,
-1.5581386179599555,-3.136551048223472,-106.67957987202759,12.0,
4.702857310369967,3.1402451872343535,-106.74189573730747,13.0,
4.708028737202824,3.1549361064494064,-106.75731031472208,6.0,
4.705467679176855,3.16601138542013,-106.73849807014035,10.0,
4.702190852488196,3.1514790168054168,-106.76405986394609,13.0,
4.691757619378818,3.144630820661283,-106.74336389548175,11.0,
-1.5909035728735978,-3.1383859935844756,-106.74503182314504,7.0,
4.709210311235663,3.1515809716127587,-106.75509556006034,13.0,
-1.5842896592601043,-3.1416404943867646,-106.74611086306157,10.0,
-1.5781606749335995,-3.121924413736634,-106.75291188534705,11.0,
-1.6126122990779517,-3.1285683784171354,-106.63679675552014,12.0,
-1.6205804373097796,-3.1348599408998123,-106.55960755595397,12.0,
4.709083232502649,3.1852796484344186,-106.61281271716464,12.0,
4.6968579300335245,3.1545541181771166,-106.76175934341649,12.0,
-1.5776109182978313,-3.1343754438527567,-106.75933674703013,11.0,
-1.6098452679017679,-3.1198892327892818,-106.64406160772295,9.0,
-1.5820413065114298,-3.1265832154751627,-106.76269252357798,13.0,
-1.5645599688683993,-3.1318417677728623,-106.72164309971754,11.0,
-1.5781222757312041,-3.148918400666764,-106.7142498068462,4.0,
4.6935087400735815,3.1503726864720454,-106.7558741286561,7.0,
4.731587159878114,3.1739056341093934,-106.57730787856467,8.0,
4.718577945631047,3.149258899800574,-106.72028846806681,12.0,
4.661285034250112,3.1272044908161596,-106.45914463204545,13.0,
-1.5951740440087834,-3.1291173548686793,-106.74101998185351,12.0,
4.716890830427201,3.1320819077069886,-106.66956920176898,6.0,
4.677817600110739,3.1888163294907317,-106.5127917890965,12.0,
-1.5599481162279156,-3.1325175649309567,-106.69602456390442,13.0,
-1.569593415963727,-3.1249327611141564,-106.73914789418811,11.0,
-1.5804405268642743,-3.1032772171506333,-106.66449278632864,13.0,
4.704971346772804,3.168590635856806,-106.72891001471172,10.0,
4.758811453871275,3.210158126355867,-105.86680129676428,11.0,
4.702949971941933,3.185164233850423,-106.62183383245286,6.0,
4.7172112095065915,3.1754853942475068,-106.6595927665072,13.0,
-1.6176312039644027,-3.1063905063705692,-106.51249511522401,12.0,
-1.5756593506218464,-3.1116109725245438,-106.71133960631006,13.0,
-1.5910811881221656,-3.1395836199646143,-106.74174774402678,12.0,
-1.5425228781261717,-3.181274868727489,-106.18729823138418,4.0,
-1.5706951578638944,-3.1160777074511983,-106.71928810482578,11.0,
-1.5834799384667615,-3.0947113070910257,-106.59121255151432,13.0,
-1.5786653008855729,-3.129764988493418,-106.7628471778979,7.0,
4.691045203463035,3.1737622092530917,-106.69093749481799,13.0,
4.674504951458117,3.1070081071447837,-106.3807497802701,7.0,
4.708283351533022,3.1234963061686987,-106.63776512216991,8.0,
4.698020867963758,3.1531584309296377,-106.7632741799273,11.0,
-1.6159921399309631,-3.1501062080045115,-106.55466282446125,13.0,
4.684924212501445,3.1182967641410175,-106.56510286633582,7.0,
-1.5551972260166722,-3.0862578778121685,-106.4023434117582,12.0,
-1.5642122145939308,-3.1698224935456096,-106.5037113325332,9.0,
4.704578126270464,3.1391592252890206,-106.73662850041778,12.0,
4.728259285913062,3.1780189347459737,-106.57784512931218,9.0,
-1.5610156497502516,-3.1265787149965543,-106.70149682179442,7.0,
-1.6278801989246312,-3.396559820356721,-97.30912290538639,4.0,
4.700675392306827,3.1734408270695,-106.70683394715444,11.0,
-1.5154578247183426,-3.1154920382255575,-106.12675235704198,13.0,
4.682929399135096,3.1567420758700657,-106.71739594584096,8.0,
4.688715320554606,3.146376781956484,-106.73791365135722,8.0,
-1.5598553201355074,-3.1753843619528554,-106.41435710443784,12.0,
4.704164326810236,3.1578014313428175,-106.7599797828906,7.0,
-1.585891600404243,-3.1314241226379638,-106.76242394505346,13.0,
4.69771226317895,3.159699750286482,-106.7566916872894,7.0,
-1.5787337937680768,-3.1539606746507736,-106.68548597795618,13.0,
-1.6492568382238266,-3.050230147880926,-105.27385883309094,12.0,
-1.5730595165245846,-3.127777770833345,-106.7524068043177,4.0,
4.699346192135393,3.157326281628034,-106.76148251952209,13.0,
4.7114757692020595,3.1584004528214322,-106.74559379971258,11.0,
-1.5576051050144817,-3.1216607645969203,-106.67208450372765,12.0,
-1.5817109204759883,-3.139744658690074,-106.75210627459793,10.0,
4.714765438798261,3.1733934369757124,-106.68180294010477,1.0,
4.661487178611457,3.090128316285059,-106.01453921233045,7.0,
4.703378811392346,3.1483738259511367,-106.76090336955286,12.0,
4.74654131938064,3.2179584855288446,-105.90998589516731,9.0,
-1.5835626127462763,-3.1452370440887076,-106.73341823586468,11.0,
4.694931933495783,3.1427096420377856,-106.74515146859103,5.0,
4.709716800596082,3.1659521429251654,-106.73116953048225,13.0,
-1.6007688344437911,-3.1194368438850844,-106.70051259212374,5.0,
4.615081082740154,3.2005153028357394,-105.44606218092999,8.0,
-1.5720200826157733,-3.1188962810071823,-106.73299313964273,13.0,
-1.630561808118053,-3.1560192362199504,-106.35511560969725,10.0,
4.690037961215011,3.166431362477103,-106.72264005850421,9.0,
4.7134398205185,3.14889398840289,-106.7410695676089,9.0,
-1.5696587915442117,-3.1125188471680767,-106.70042458054091,13.0,
-1.5835903430727094,-3.1334793272073656,-106.76282210502814,13.0,
4.723726265657056,3.1641452426665473,-106.67708267780792,11.0,
-1.582733780941799,-3.1291498901094688,-106.76432212315167,13.0,
-1.5283312271626623,3.112715181239683,-87.29771658963705,13.0,
4.70515819860333,3.16135356198404,-106.75255325632506,13.0,
-1.5803291690174568,-3.1482744311452118,-106.71935151870923,10.0,
4.7027974260522765,3.15360260889654,-106.76405561167446,11.0,
-1.579068431490087,-3.1307877161779794,-106.76319521005905,13.0,
-1.5659581105970903,-3.13741525767574,-106.72124559941528,1.0,
4.727602452908991,3.22667973321613,-105.93091728862747,3.0,
-1.6234235728019955,-3.1267458006305824,-106.52929359695767,4.0,
-1.5867001934414546,-3.124434442986945,-106.75699279587548,13.0,
-1.5481143906157888,-3.166807484985971,-106.41925326624458,13.0,
4.701616736035337,3.1311437149952566,-106.69917764455063,11.0,
4.745255090794878,3.185992118055188,-106.34939345920819,6.0,
4.699837721829827,3.159165737689141,-106.7589970811398,12.0,
4.698279745289267,3.1490300911908595,-106.76140999501011,11.0,
4.704711942710716,3.1476184358572867,-106.75875998457386,12.0,
-1.6235719336154664,-3.2433371450786197,-104.79790370945925,7.0,
-1.6246371792195144,-3.128798584734456,-106.51695821070246,11.0,
-1.6117645793996451,-3.124954157265219,-106.64011500988649,13.0,
-1.576576647094662,-3.123701161364152,-106.75446735339528,13.0,
-1.5700638658603325,-3.1254104522072987,-106.74138987406022,13.0,
4.688840620873109,3.1234685406097613,-106.62545932120929,4.0,
4.705575207396903,3.1400615954639037,-106.73881039558954,8.0,
4.6946983501917465,3.1665913021529297,-106.73325803057061,13.0,
4.73541303036344,3.1475800517551096,-106.59787609378326,11.0,
-1.6289580298749557,-3.0813323510956776,-106.13414900910479,13.0,
4.702180001459934,3.1367542840240623,-106.72832286340025,13.0,
-1.5287527422077603,-3.089549488507706,-106.15116150504905,6.0,
4.702668716318529,3.1488855403742995,-106.76190379954345,10.0,
-1.5850905834287274,-3.1145222717767784,-106.72931865471453,10.0,
-1.5546407160322488,-3.1008343484058187,-106.54363429646182,6.0,
4.710897703164826,3.1468167780835277,-106.74592231987053,13.0,
-1.5581371925141199,-3.098809670709132,-106.55139996971909,11.0,
4.725942063883859,3.1513026398692108,-106.67887675582172,13.0,
-1.577196156342142,-3.1276406912483616,-106.76026762344874,12.0,
4.703055941528586,3.151207877976855,-106.76356184104179,11.0,
4.7010700272672015,3.1391591879619827,-106.73844098465673,11.0,
-1.599575726127473,-3.1056418926879386,-106.6390302070624,11.0,
4.675007469319262,3.133181260499892,-106.61895241794882,13.0,
-1.5854571092745204,-3.139912266627595,-106.75025195792217,13.0,
-1.5835511055796998,-3.1283230949727416,-106.76375047373173,7.0,
4.685297978507656,3.1536100535688156,-106.73042939556328,8.0,
-1.5894257175983566,-3.141513702000619,-106.73996697228375,9.0,
-1.6501277935065106,-3.1170043564508236,-106.10876797745475,13.0,
-1.584407931327969,-3.1282383616382488,-106.76326867260478,13.0,
4.70582309748954,3.145296743738673,-106.75330072224772,13.0,
-1.5770300594360258,-3.140474957499963,-106.74646567761751,11.0,
-1.607048354350085,-3.123660459092242,-106.67320384381732,11.0,
-1.5753560402344138,-3.137652602321158,-106.7505728157175,8.0,
4.705635362455709,3.134036219138297,-106.71235761597437,13.0,
-1.5839063119014918,-3.1283374026733486,-106.76360191630947,12.0,
4.7257449089674015,3.143033052934184,-106.66669620633351,7.0,
-1.6032336364942767,-3.0941724144083285,-106.52393333893833,2.0,
-1.5847034120715555,-3.107657979161924,-106.69353450784699,13.0,
4.685812386791997,3.16721972549875,-106.70430010015515,13.0,
-1.5987204926124385,-3.1188987441630944,-106.70878863439756,12.0,
-1.5951016609505604,-3.1434865524352626,-106.71772721129157,11.0,
4.828207314475379,3.3155431822896846,-101.1336067184132,7.0,
4.710753400406304,3.1674141397619255,-106.72309050412514,7.0,
4.67775840945364,3.127196459199123,-106.60029901018068,13.0,
4.709474301758457,3.140466921026567,-106.73318336337339,9.0,
-1.59114416871283,-3.117225718686453,-106.72991468032019,12.0,
4.7149098526940705,3.1785758740637973,-106.64866958856558,10.0,
4.707612287279703,3.155064977023924,-106.75801308330657,7.0,
4.70815458683794,3.16347918840629,-106.74247830128988,12.0,
-1.574857064604117,-3.0959067065459798,-106.59615078065382,7.0,
-1.5742441495959625,-3.120980672547776,-106.744317822784,6.0,
-1.586232780315853,-3.1362563235616685,-106.75732397402285,13.0,
4.70053755567486,3.143819613087254,-106.75308348134857,13.0,
4.678971044934405,3.205843608959141,-106.31323290018318,13.0,
-1.5927897536110047,-3.1332953670346413,-106.74775687373068,12.0,
4.671114802199345,3.128211417762706,-106.55920743297762,9.0,
-1.5759570791544264,-3.1287981504158484,-106.7590093111034,13.0,
-1.5722154556025112,-3.132067880306287,-106.75050367415258,12.0,
-1.5669564322427885,-3.1122762323001787,-106.68906336556347,13.0,
-1.6294278955786001,-3.0920740602856647,-106.25634584228088,13.0,
-1.480731060167693,-3.1437814104320916,-105.33146486866836,4.0,
-1.587881482810973,-3.1305536010634576,-106.7600033433749,13.0,
4.702465639643605,3.1540137328896316,-106.76410290161462,12.0,
-1.588821784835273,-3.1237495497359995,-106.75252929428433,13.0,
4.707041629950113,3.161249620014671,-106.75020419462052,13.0,
-1.6142637452379924,-3.125463899380569,-106.61971110830156,12.0,
4.716500007714347,3.206957833655688,-106.33453329707598,12.0,
-1.584468926660383,-3.1348023117262658,-106.76096230384412,13.0,
4.695384741502911,3.143299592153187,-106.74747853094176,12.0,
-1.5862825137910468,-3.130111391044038,-106.76217863601927,13.0,
4.713704759953313,3.129459864053423,-106.66614205662,10.0,
-1.6211182550118934,-3.0797178451469454,-106.20444269590503,12.0,
-1.5738051034381169,-3.126727535605452,-106.75334149158955,10.0,
4.697317408985727,3.1607117389132084,-106.75427732277664,12.0,
-1.5868079297005608,-3.1344059403436093,-106.75920774420737,12.0,
-1.550762954581594,-3.121902303287581,-106.62017886001571,9.0,
4.700434003781131,3.1541125589438157,-106.76429503975744,13.0,
-1.5809680981566936,-3.130754690234249,-106.76431077113592,11.0,
-1.5671917528589987,-3.1556516989085672,-106.64434790097602,7.0,
-1.5723653097998194,-3.171593697783694,-106.51568711645207,8.0,
4.63059496453428,3.148962814815437,-106.08647374512144,12.0,
4.701720336697776,3.158268023198883,-106.76057970438006,13.0,
4.704977189318688,3.122837073402417,-106.63763829077509,13.0,
-1.6262697294332713,3.142983186260378,-86.03149393691224,4.0,
4.687293345450597,3.1520390954770443,-106.73849772865309,13.0,
-1.6164234448449164,-3.1400644023040676,-106.5909199649126,7.0,
4.709152284381222,3.1553626040158895,-106.75473170128924,12.0,
4.69426483922744,3.153906189437203,-106.75808582203767,12.0,
-1.6006047093804197,-3.106911274928955,-106.64229906982071,8.0,
4.789094774250935,3.2281172224267647,-104.95153081146333,5.0,
4.7040900574096485,3.139015444661978,-106.73653488602895,12.0,
4.701619275796996,3.151436803436238,-106.76417963944719,8.0,
-1.5889082394310514,-3.1662684730298043,-106.58043310474855,5.0,
4.7085379607192746,3.1513470784862805,-106.75644637484935,13.0,
-1.559073120215165,-3.1124280613930604,-106.64864242776467,13.0,
4.671844170914451,3.1100095923523177,-106.3971121959706,12.0,
-1.6725765947181122,-3.1376059965113727,-105.64812167034682,7.0,
-1.5871900434683464,-3.1409060978842995,-106.7455281856159,8.0,
-1.6382010096412603,-3.106471381227278,-106.25553574133248,9.0,
4.736218014018254,3.0779098833830028,-105.81774612612263,9.0,
-1.4963007864775408,-2.9319848138239832,-100.65971309629539,5.0,
-1.5865764219520695,-3.1414473959713924,-106.7446928568144,12.0,
-1.6057984765094313,-3.1161729469424593,-106.65998718593089,12.0,
4.701651835135511,3.1445686668036923,-106.7548490413948,8.0,
-1.5615265574245236,-3.137105201567179,-106.69937573878686,13.0,
4.696253943034347,3.145162386018156,-106.7531500395727,12.0,
-1.601609075968871,-3.1530786090248015,-106.64177960180008,8.0,
4.703186268088487,3.138142849434117,-106.73375602240432,11.0,
4.7117853676293215,3.165200396015978,-106.72829459819998,8.0,
4.700580684015749,3.148829311960633,-106.76219101284089,13.0,
4.698758397784493,3.1567462647850237,-106.76181146173877,13.0,
-1.5893013203910686,-3.1691085668985943,-106.55054515104047,10.0,
-1.6085908467462873,-3.1342371594810805,-106.66662737349351,12.0,
4.7309197214019365,3.1001658323007817,-106.25629484917208,13.0,
-1.5822803662208913,-3.148747100225998,-106.71749735205066,13.0,
4.6990764999067975,3.1590500936787915,-106.75885267342183,10.0,
4.736365862304498,3.156790672265884,-106.59131065891174,10.0,
-1.599409766046439,-3.117092927564879,-106.69944751051341,10.0,
-1.6310578139825147,-3.1461892242937157,-106.40388990199874,10.0,
-1.5935228657219362,-3.1358315702034725,-106.74259218503884,9.0,
4.699008950308188,3.15821579198156,-106.76012275101307,12.0,
-1.5782966571265373,-3.139808027621558,-106.74986948783477,13.0,
4.6777082965357035,3.162267422549967,-106.67749937034195,13.0,
4.733737187158686,3.2201170713563294,-106.00681336496741,11.0,
4.591187198567569,3.110437024095531,-104.89633940958464,5.0,
4.725302860397603,3.1512632658647965,-106.68317778007102,13.0,
4.682129422842201,3.1299815889830795,-106.6438829051056,10.0,
-1.5768634769503227,-3.1369766981760603,-106.75441438145992,13.0,
4.9497323528790265,3.0054752959967628,-95.75733976882955,7.0,
4.705096656844418,3.1539021555569997,-106.76215917409807,12.0,
-1.5844873235299717,-3.1167303724990716,-106.73864246659026,13.0,
4.706198700582375,3.1539400625730614,-106.76075681671303,12.0,
4.642473191005807,3.1312464743716717,-106.2339154194769,13.0,
-1.5851447109843713,-3.139528139688515,-106.75151509655377,11.0,
-1.5879854750031528,-3.127819566467204,-106.75901095523115,11.0,
4.701383525605213,3.157915435295525,-106.7611221132722,13.0,
4.721321473519009,3.153142908404055,-106.70801994297601,4.0,
-1.5861277714172208,-3.1579355623178307,-106.65720386017445,9.0,
-1.5976752307177058,-3.138643226977891,-106.72198646010186,5.0,
-1.620462602498658,-3.1637863525089243,-106.41150107734124,7.0,
4.700553034040843,3.152274506049042,-106.76444381475237,12.0,
4.709921831140299,3.1505230379808324,-106.75285981114256,9.0,
-1.5533185182348292,3.0883595277682643,-87.22381524294902,11.0,
4.687220892023624,3.169828606450468,-106.69873072483678,12.0,
4.695292013723842,3.1356885903064797,-106.71929356400103,13.0,
4.700479670588149,3.140048866809804,-106.74167383826101,9.0,
4.706321721896085,3.1762071882858507,-106.68667831799799,13.0,
-1.5377999708979562,3.12825470364574,-87.25152488142749,5.0,
4.7164496878044595,3.159120992619398,-106.72685273501465,10.0,
4.752951517537616,3.1769526953090255,-106.31808129728492,13.0,
4.750924146953695,3.173789320056322,-106.3653686858883,13.0,
4.704619231870034,3.144600351198695,-106.75316685918503,10.0,
-1.593890628815068,-3.134007909218941,-106.74372906115833,13.0,
4.711546259779196,3.162038536219198,-106.73819270037953,11.0,
-1.5999550531795617,-3.1310711606057287,-106.72092947151735,13.0,
-1.580423189061351,-3.119238281129996,-106.7475287867915,13.0,
-1.5818649335784236,-3.1326013054533646,-106.76376326345878,11.0,
4.728770841755725,3.1340004004944078,-106.60852056315485,13.0,
4.682559583563749,3.1704838069051413,-106.6748224129829,11.0,
-1.5764536173611314,-3.1230797994676696,-106.75311560682256,9.0,
4.723196715555938,3.1884948951711847,-106.52545954537413,13.0,
-1.5858450008228284,-3.1310779296667945,-106.76256457236356,12.0,
4.697734515429749,3.1385200664068376,-106.73455532791812,9.0,
4.7102565131909495,3.136466264889637,-106.71527664836296,7.0,
4.69827018482505,3.1623339474009726,-106.75130994021433,12.0,
-1.5888655099659046,-3.1255548992414797,-106.75524510949357,12.0,
4.703616200663935,3.1467448832353515,-106.75832463472474,5.0,
-1.5489255204880124,-3.0816668353603824,-106.29348805432559,11.0,
4.75177830255509,3.1371745953884504,-106.3752415226902,9.0,
-1.5563798907565582,-3.1471587422887395,-106.63313220107467,8.0,
-1.5737141881506218,-3.124045299795258,-106.74959617838505,10.0,
-1.51888089470628,-3.067986990571301,-105.6956619729617,13.0,
4.800860179775211,3.136459796262929,-105.36229285877994,10.0,
4.7250897462936,3.147992768855698,-106.68146058219146,11.0,
4.691773099660263,3.144897137624456,-106.74399658725514,13.0,
4.707123663016461,3.103388405632283,-106.42161541498793,13.0,
-1.5909684401054511,-3.1141931319369256,-106.71820415883862,12.0,
-1.5761982944456718,-3.1249812589604176,-106.75593517979485,12.0,
-1.5770927487447748,-3.129117038474135,-106.76086918351442,12.0,
4.695980397409389,3.1626383794444877,-106.74800427080845,10.0,
4.6992174857880284,3.1609484801533085,-106.75524043089838,13.0,
4.737330248293823,3.1725057491055,-106.53251668936964,7.0,
-1.5844815390891978,-3.130384054955762,-106.76378305040946,11.0,
4.67974306276173,3.175393490015895,-106.63227627270862,7.0,
-1.561164274114469,-3.143241509741144,-106.68029822210913,11.0,
4.690477024426675,3.12883521433126,-106.66986696031759,12.0,
-1.609347886814051,-3.1494762359386974,-106.61326556445684,12.0,
-1.6289153515509396,-3.1210139253316997,-106.45278798941374,13.0,
4.706304448672508,3.151745191183149,-106.7605252136452,11.0,
4.70151207948804,3.1581859091632385,-106.76072954242309,11.0,
4.707717858066621,3.1551270550513926,-106.75778539707943,13.0,
4.702745341245396,3.127874556067863,-106.67770931507341,10.0,
4.732857768685049,3.159105989435104,-106.6206025177235,5.0,
4.743550190801758,3.1615494783654405,-106.50686117475385,5.0,
4.715877415934215,3.1943421693629785,-106.5008098783423,2.0,
4.706267921722557,3.163611624682982,-106.74525345517029,11.0,
-1.6052025344566951,-3.124100069584116,-106.68614255806561,11.0,
-1.5841576928683314,-3.1164689258194858,-106.73786827253244,11.0,
-1.5755012854647545,-3.1411257972148743,-106.74206872252181,8.0,
-1.6099603425481748,-3.152767108026696,-106.58998234901406,10.0,
4.695770847069531,3.1628997322611507,-106.7469951441126,9.0,
-1.5774203604334043,-3.1228429928315817,-106.7540134399847,11.0,
-1.587953770230248,-3.1363745431704406,-106.75480797352007,13.0,
4.711504222383491,3.1681190616396555,-106.71817692267041,11.0,
4.70434931787298,3.126591085854862,-106.66744755466587,12.0,
-1.5827652335539049,-3.123022048148926,-106.75730670562506,11.0,
-1.5711549527767215,-3.1314244321841778,-106.74773047004655,11.0,
-1.5777697630328276,-3.122462630393925,-106.75365508797533,13.0,
-1.6226726504201716,-3.1418075037640367,-106.52216285759725,13.0,
-1.5537827140424778,-3.126121828131118,-106.65189622448906,10.0,
4.69719794061751,3.190116365912708,-106.57293010561872,13.0,
-1.608714620272094,-3.1260956285578847,-106.66514439049462,11.0,
-1.5857943139053405,-3.148087129790333,-106.71908893865123,12.0,
4.714230783738881,3.1890775546290984,-106.56265459124079,13.0,
4.700500640162972,3.1584626542843304,-106.76029944193054,11.0,
4.699174970944099,3.174317807814122,-106.70127774590848,13.0,
4.693579589309233,3.1510334778971907,-106.75641601077487,7.0,
-1.5769336003307417,-3.130369640634176,-106.76080570632439,11.0,
4.692913385609559,3.1530761123296034,-106.75545618319708,10.0,
-1.5971140121197673,-3.1533726985068546,-106.66095549741819,13.0,
4.875941523621864,3.237556831571841,-101.73516529569679,10.0,
4.692609553289402,3.1766443614206072,-106.67732320066229,13.0,
4.755234525951136,3.149860146047839,-106.35963926663385,6.0,
-1.6233291811359847,-3.129342625861815,-106.53212208483184,3.0,
4.680814840778477,3.14529821998593,-106.70067349306422,12.0,
4.809521111032992,3.1112894854694386,-104.91208128189425,13.0,
4.689357341988477,3.11870703725613,-106.58556806504939,10.0,
4.684888651667194,3.1726718624079013,-106.67471163063928,5.0,
-1.5745907242966404,-3.134008061334662,-106.75470097360767,11.0,
4.692034868029303,3.1596363304290507,-106.74711872480181,9.0,
-1.558297191260592,-3.1312238443920046,-106.68620909953698,7.0,
4.717215298565133,3.105339652301954,-106.41581935944794,7.0,
-1.5984341846346484,-3.1518547177246576,-106.66463676387964,12.0,
-1.582527382317437,-3.1224490873756534,-106.7561608049873,9.0,
4.687517114385699,3.1336726288420174,-106.68892419650436,13.0,
-1.5919696754869288,-3.1475170475811702,-106.71061817578742,13.0,
4.702899234551753,3.154925379327081,-106.76352832498428,6.0,
4.689636154486497,3.133696240294758,-106.69621766794927,12.0,
4.765383717366549,3.1190206353994445,-106.03415216537896,7.0,
-1.5893302247005554,-3.1356760243244857,-106.75346692393472,10.0,
-1.5875595457641447,-3.132811655104955,-106.75962918818635,12.0,
4.698090914963263,3.1560225090115743,-106.76201561738473,13.0,
4.659596628891492,3.1910985009452757,-106.32745720214353,12.0,
-1.5796088920027822,-3.149004023379782,-106.71520278618866,10.0,
4.754777926381697,3.13401291867211,-106.31676521924287,13.0,
4.67883826071082,3.131644946848231,-106.63552299902061,1.0,
4.6998792825731925,3.1441171707185025,-106.75367730016988,12.0,
-1.5627006972659598,-3.1325090028415032,-106.71179562724151,13.0,
4.71280634209499,3.166406841056926,-106.7209295506058,9.0,
-1.5872733252653202,-3.121224438907424,-106.7496549522009,10.0,
-1.5856113160957865,-3.159303624704752,-106.6470455641725,10.0,
4.677067677797102,3.1158928205416134,-106.49894666825242,12.0,
4.697902017309732,3.15120553926021,-106.76277946827976,7.0,
4.698837211915111,3.1505628025204526,-106.76310308837806,8.0,
4.653222738416649,3.181342498671847,-106.33895359504605,12.0,
4.689797697313535,3.1620416538850513,-106.73560349941789,13.0,
4.686550328125839,3.150817248835374,-106.73514689703737,4.0,
4.677950410784559,3.138314764250343,-106.66265999008269,3.0,
4.686713373243501,3.1211194447631865,-106.59813261614292,10.0,
-1.5257928905919649,-3.142649740095714,-106.30602592132783,11.0,
4.724356938933281,3.159325142047299,-106.68452620564831,10.0,
4.692952379000757,3.1999891121370037,-106.45204167950153,9.0,
4.681415848309507,3.121452275428343,-106.57668961173438,13.0,
4.695852344689009,3.1488923810190066,-106.75862757928716,11.0,
-1.578550218871782,-3.1220136279657487,-106.75351310146945,13.0,
4.679300079137611,3.1764581188493217,-106.62290078620786,7.0,
-1.5827503348274896,-3.121138974952671,-106.75308500286174,13.0,
-1.6076934064254857,-3.1031630266602863,-106.57322526957181,13.0,
-1.5797467232981661,-3.127195076854668,-106.76248335458062,13.0,
-1.5820024642945696,-3.197470038638797,-106.1445963939359,13.0,
4.710455759511118,3.16114234127592,-106.74327041810093,5.0,
-1.610348395247911,-3.102825655383433,-106.55103373709713,13.0,
-1.5704976917332254,-3.14081505197875,-106.73030874752692,7.0,
-1.589712108157284,-3.1271292953588903,-106.75528741393275,11.0,
4.91864728771801,3.76149834549635,-65.7893788389096,1.0,
4.68639652053287,3.1918480773901874,-106.52677526758383,8.0,
-1.567469829009173,-3.12482452521224,-106.7310685571696,13.0,
-1.772396140420704,-2.9048764649909824,-95.56652598415836,13.0,
-1.6022584377229423,-3.08206980743203,-106.38994023983417,2.0,
4.688825561965973,3.177137912141343,-106.66318825371197,13.0,
4.702301362377366,3.1841018718074183,-106.63128787637018,13.0,
-1.5870691040435991,-3.132766774860337,-106.76035436723956,11.0,
4.687765459332276,3.1667216762880805,-106.7139184507149,6.0,
-1.578297288038818,-3.1444913795272162,-106.73450986931259,12.0,
-1.6124218168160978,-3.310153849886264,-102.31059214222756,8.0,
4.7306105148460675,3.1515607340659346,-106.64403925159567,12.0,
-1.5791244496259866,-3.125542859187635,-106.76027402447055,12.0,
-1.5845499393149498,-3.1382697295489157,-106.75493304941779,13.0,
4.749887011013572,3.1214753032756724,-106.29775725167232,8.0,
4.655856254745806,3.131804550509174,-106.4256585925283,13.0,
4.673903342212895,3.1412724314547202,-106.64545328345072,13.0,
-1.5609006963807708,-3.1357939900688083,-106.69805728438033,11.0,
4.699435717308752,3.137166335464126,-106.73004222326558,13.0,
-1.5621625905738203,-3.1536121156168324,-106.63369950028202,13.0,
4.697852152981652,3.1616082097111176,-106.75276415018267,11.0,
-1.5846167606453943,-3.1232382904313667,-106.7569168628908,11.0,
4.71053100265942,3.15622866283433,-106.75074029779178,8.0,
4.700423701544552,3.1599324085751945,-106.75775831659881,13.0,
-1.5465743124522113,-3.1483931283058983,-106.54413089355862,7.0,
-1.5805097597575395,-3.1240236782913553,-106.75887168670268,9.0,
4.691277108221818,3.1557792543885346,-106.75027976693353,10.0,
-1.5743958078185805,-3.1379819085660374,-106.74795060989031,10.0,
-1.588632008820449,-3.1246657472745065,-106.75440553169273,9.0,
4.710198254227098,3.1493524010483114,-106.75118684156918,13.0,
4.702035545868823,3.1352790982134766,-106.72150425080056,13.0,
4.699648054481716,3.1624665929245808,-106.75177854442971,10.0,
-1.5706691987575032,-3.1136565687586804,-106.70904514827936,13.0,
4.707663380538103,3.1539485117654333,-106.7583872505642,5.0,
-1.5852831231359537,-3.1356898217098204,-106.75914412939801,11.0,
-1.6040697851251422,-3.1229094866717513,-106.69088654064119,9.0,
-1.56374946725866,-3.130681681161161,-106.71799858169544,13.0,
4.714194038592189,3.1523423903236436,-106.7407036215104,11.0,
-1.5708805487885582,-3.0895317844300116,-106.52103302373754,8.0,
-1.5823631745446844,-3.1306072643582064,-106.76451234463512,13.0,
-1.5869810907662025,-3.1482542641089237,-106.71692512532046,13.0,
4.716274627920054,3.1717425568913686,-106.68469567989158,13.0,
4.7212929837024324,3.116687896476965,-106.52611803341097,9.0,
-1.552475729594527,-3.0945157705912427,-106.47084728813101,9.0,
4.790322078024322,3.155034554658574,-105.67350616589249,8.0,
4.706365992527473,3.1553654160901337,-106.75985980690106,12.0,
-1.5770085747479767,-3.1448527925455823,-106.73144646005922,12.0,
-1.4006977780100516,-3.075445872019898,-101.97059480440635,2.0,
4.687927262115096,3.160918497621687,-106.73198050809644,12.0,
-1.5855246950878994,-3.2233884084493662,-105.57700098387568,4.0,
4.737095493659052,3.123444289271676,-106.46424140550195,13.0,
4.693681265979106,3.130935545821006,-106.69087560977604,13.0,
4.717471099041455,3.0934274533538937,-106.23933060284041,7.0,
4.710121737870249,3.1461558763369966,-106.7467670409589,12.0,
-1.5711362490340475,-3.1216536638861108,-106.73793569955279,12.0,
4.698738655900529,3.1543637130255258,-106.76352189036002,11.0,
4.705953436964446,3.1494267139392047,-106.75949545509778,13.0,
4.7152638095128845,3.142486132415237,-106.72143340434526,8.0,
4.683527210296632,3.1720871862859896,-106.67151244942757,8.0,
4.6987975662652675,3.158733293319315,-106.75920732002983,11.0,
4.701335604443688,3.151151338404591,-106.76408516677785,12.0,
-1.5751322719545866,-3.138716174190858,-106.74780996914582,11.0,
4.661737851737312,3.155988625994489,-106.55149268924997,13.0,
-1.5117175978446322,-3.1052010957174048,-106.00230235710728,5.0,
4.706509794128957,3.1541425134658883,-106.76024415361702,13.0,
-1.5502861337305416,-3.243556070131212,-104.8675091293246,8.0,
-1.5700019427250171,-3.128499369816091,-106.74390369807026,13.0,
-1.5669387796224823,-3.1338919921842923,-106.73083295016653,10.0,
-1.5868389644350187,-3.1398971074644546,-106.74879773446094,3.0,
4.72303892765931,3.1355751204309974,-106.65583699074459,10.0,
4.703068343548141,3.1578149130004696,-106.76072641234754,7.0,
4.713472225450507,3.1592622618698307,-106.7379684978044,11.0,
-1.5718682916349076,-3.1201536870677336,-106.73624668222067,13.0,
-1.6195166193182555,-3.123273424314555,-106.56607049980727,13.0,
4.66141645619981,3.1694154272894566,-106.51113244339537,13.0,
-1.581290646185432,-3.129517548282811,-106.7643652828169,9.0,
-1.5851087053164272,-3.1267242714684604,-106.76160349525618,5.0,
4.713669072056083,3.131607049133781,-106.6795472411419,13.0,
-1.5844733549037058,-3.1121349996327354,-106.71869606546558,13.0,
-1.574763945137388,-3.125548411797872,-106.75409193748965,9.0,
4.710855563483246,3.1475100754504157,-106.74715066898216,11.0,
-1.5726453529139992,-3.0797481209797537,-106.40437262685298,12.0,
4.71090408571663,3.1177958779914174,-106.58075300915317,12.0,
4.7140605507593865,3.1558029835085906,-106.74019458135824,8.0,
-1.572236776655132,-3.129490735797617,-106.75098924848349,12.0,
4.74456510296003,3.1711677813818904,-106.46036109173862,13.0,
4.704102266900375,3.148909082925031,-106.76099594375039,12.0,
4.701955017796231,3.1533319557868147,-106.76440194141175,10.0,
-1.5815730561893817,-3.1220789701557146,-106.75534016882276,13.0,
-1.5750587914354905,-3.137089069397664,-106.75111325011598,8.0,
4.766476956822812,3.1663654511024464,-106.15425054905394,13.0,
-1.5797374336032475,-3.138972192897291,-106.75323876418139,13.0,
4.687365314096009,3.169843422621358,-106.69921095549776,8.0,
4.631583380928812,3.1980930046299108,-105.82373469632796,8.0,
