-1.5725663516194925,-3.129934694505302,-106.75192798439548,0.0,
-1.5898904268053604,3.1272204748373857,-86.86723805023777,0.0,
4.640488644644634,3.1306902064058426,-106.1985892109931,0.0,
4.733593588553933,3.1455031192118983,-106.61083622847359,0.0,
4.689481252916309,3.1198017750588116,-106.59605914359906,0.0,
-1.5887526143811972,-3.1637959024820215,-106.60430257133639,0.0,
-1.5583242196036653,3.0790547180333565,-87.13806712805352,0.0,
4.663546819683688,3.1913628126414686,-106.36747559615783,0.0,
4.717970479916291,3.1379590810687104,-106.69380985738314,0.0,
4.650032044739428,2.740104644477359,-86.11665988594052,0.0,
-1.5746117445297538,-3.080098578295799,-106.41358111519548,0.0,
-1.5507592065285258,-3.124036873776742,-106.62427570703542,0.0,
4.627226078679945,-3.0941049520860577,-48.28904682784429,0.0,
-1.5509501699873756,-3.0926967587557987,-106.44011079616587,0.0,
-1.5653033348808303,3.11843122746716,-87.18162947207145,0.0,
-1.570605653027675,-3.1425785615512356,-106.72506360331026,0.0,
4.724738579754257,3.152567075278541,-106.68732741465837,0.0,
-1.6057819526555668,-3.185806988617651,-106.26688926191677,0.0,
-1.5460233374580221,-3.173626722137308,-106.3236313339837,0.0,
-1.5982136078484088,-3.113771746626831,-106.69135082809011,0.0,
-1.7935698584381654,-2.9874195075000607,-98.26611606637087,0.0,
4.704023312732002,3.1748083738768496,-106.69782831519683,0.0,
-1.5521240961715383,-3.1672687267449873,-106.45013212942122,0.0,
-1.5426890264127713,-3.1643622282409885,-106.38803992215045,0.0,
4.717013168956617,3.141956327270928,-106.71255932377053,0.0,
4.727701892626899,3.162788160410181,-106.65406439464208,0.0,
-1.5833297383339686,-3.0927138960056566,-106.57132106971139,0.0,
-1.5730923654732143,-3.1602515896843153,-106.62900088640875,0.0,
4.660149913532752,2.4290384504251574,-57.97046653501991,0.0,
-1.6418921373506659,-3.1863402622815236,-105.85278827453644,0.0,
4.695827607375709,3.1861102835048114,-106.60970225396838,0.0,
-1.5909744585264174,-3.139340455473841,-106.74261787107731,0.0,
-1.5386853819287754,-3.1618487263255894,-106.36510480084516,0.0,
-1.5629514750986697,-3.0950759248978486,-106.54578729421046,0.0,
-1.5295351461129665,-3.120509948696438,-106.37254584478796,0.0,
-1.5981237277763718,-3.156384508947233,-106.63642446275395,0.0,
-1.596896238531729,-3.128402837721297,-106.73413918828338,0.0,
-1.5373972311467305,3.0909223426619974,-87.2736098310892,0.0,
-1.5993019132126198,-3.1647196756612557,-106.56202401026849,0.0,
-1.5696034449785028,-3.1204205906826363,-106.72991414221103,0.0,
-1.5038829587177642,3.124752546480732,-87.12500950808713,0.0,
-1.5273509552909248,3.107574124335192,-87.29906881656389,0.0,
4.957636887828494,3.382353009970306,-91.83504991615703,0.0,
4.669421793485432,3.1602450398387956,-106.61974535808656,0.0,
4.6570451152993195,-3.0430512710757203,-48.178335732679365,0.0,
-1.608423228978631,-3.1816039608005147,-106.31049763430447,0.0,
-1.5878011473299982,3.0813741084193365,-86.86254810261437,0.0,
-1.5486933295291636,3.0874289529683345,-87.23688941289761,0.0,
4.728190440827947,3.1161795545821875,-106.47556966976998,0.0,
-1.5437567133832202,3.0944435383381608,-87.28107744154129,0.0,
4.717964974986686,3.121087316115622,-106.58467115530321,0.0,
-0.8500446602899135,-2.2697186227204242,-22.991683979760968,0.0,
4.677491189715576,3.1572187961605267,-106.68575058819728,0.0,
-1.590990337210216,-3.107484642316851,-106.6823452952899,0.0,
-1.5874870901625289,-3.1826909317338288,-106.38349371153114,0.0,
4.7051224217786265,3.1381416649066836,-106.73203892020724,0.0,
4.6880954769727134,3.1425307750500595,-106.7269004108775,0.0,
-1.550069677184152,-3.113941851377435,-106.5877454590067,0.0,
-1.5841657638364037,-3.1545524283190494,-106.68287452084066,0.0,
-1.5662527695946258,-3.165447863183714,-106.55842654088875,0.0,
-1.5445344421660687,3.107318628299152,-87.30241891588051,0.0,
-1.570720061704973,-3.090530162408251,-106.53149184026051,0.0,
-1.548235680195475,3.0959105528555826,-87.27462004761618,0.0,
-1.508336947784421,3.086315053679847,-87.14048493866667,0.0,
4.674852516514481,3.1882072913546424,-106.4985039777155,0.0,
-1.5314597345055214,3.0809235079683552,-87.21136082482337,0.0,
-1.5451645483017211,3.1294784128154984,-87.23437737688334,0.0,
4.7235671441855445,3.1453525466136036,-106.68655617727258,0.0,
-1.5661606145768916,-3.136878769452664,-106.72317843924665,0.0,
-1.6199796510114086,-3.1024660875663117,-106.46089381513322,0.0,
-1.5951831067931939,-3.124119711476876,-106.73588429786687,0.0,
-1.528908635452297,-3.1357310290789457,-106.3706594752348,0.0,
-1.5322564982556177,-3.1535654664000035,-106.34567353394793,0.0,
4.650877241817297,3.1567831318954456,-106.41804698352547,0.0,
4.790347808864687,3.0917935735451927,-105.150541740403,0.0,
-1.5480083004523952,3.091800629744465,-87.26018600449297,0.0,
-1.554227799472361,3.088223604257312,-87.21888256255613,0.0,
-1.4119900776180305,-3.217958977284791,-101.80017412501431,0.0,
-1.5800988356553052,-3.123016443885517,-106.75681248871688,0.0,
-1.5534480878721246,-3.0932869350467773,-106.46643045101956,0.0,
-1.5352701967281366,3.13186024262712,-87.22922089499639,0.0,
-1.5503195570017092,-3.093844435418585,-106.44622803291259,0.0,
-1.572779460620343,-3.1012867546318414,-106.63803744815408,0.0,
-1.5949082654090045,-3.150475358644082,-106.68643600856274,0.0,
-1.601927391162062,-3.107095814915769,-106.6364922674946,0.0,
-1.5498542692555697,-3.1442844926479947,-106.59326669825752,0.0,
-1.5800280152934758,-3.1541473093345567,-106.68530728162662,0.0,
-1.534460614441516,3.12054199246239,-87.28687674349126,0.0,
4.7204899136366025,3.148203441587567,-106.70929374670924,0.0,
4.726128447069204,3.1705978493536118,-106.63614128464737,0.0,
-1.4918371100328234,3.0715038591893458,-86.86243878878733,0.0,
-1.5662391146022787,-3.1765742406106807,-106.4334587370387,0.0,
-1.5887116720382657,-3.1308003906463617,-106.75857465665284,0.0,
-1.5979548725088897,-3.1430765559967875,-106.7079944808334,0.0,
-1.5796628914615578,-3.131767369654903,-106.76336720229608,0.0,
-1.5730718134550754,-3.125490419278994,-106.7502081717594,0.0,
-1.5454259243275636,3.1047955516715646,-87.29946205731157,0.0,
4.635973420100006,3.1374922324396253,-106.15608000106687,0.0,
4.46526093639914,3.128702740857504,-99.52651809871391,0.0,
-1.5640822753347619,-3.153258521225298,-106.64609335654163,0.0,
-1.5519434543359463,-3.144534251215799,-106.61027616220093,0.0,
-1.503719887284889,3.1259399868492594,-87.11781482726317,0.0,
-1.5734277626958495,-3.0943906050310352,-106.5785773307942,0.0,
-1.586055540824705,-3.117819688913457,-106.74114018342028,0.0,
-1.6019966750883317,-3.17241178404513,-106.46792645640726,0.0,
4.6964552525019005,3.1627857341000567,-106.74824564514827,0.0,
-1.5790150788563118,-3.125243013275848,-106.75978475968964,0.0,
4.699664614371977,3.151846209106969,-106.76411471798404,0.0,
-1.5706430087831011,3.067121599710807,-86.9345491698792,0.0,
-1.5647305577936275,3.09939557293162,-87.19459475270645,0.0,
-1.599641551823537,-3.149808543731696,-106.67059783357293,0.0,
4.6795827916184285,3.1753245474381995,-106.63175705143043,0.0,
-1.5308412103171416,3.120250215347715,-87.28402096290489,0.0,
-1.643541216256517,-3.17954591140246,-105.922913756348,0.0,
-1.6214759351261225,-3.1314980032546265,-106.55255975679185,0.0,
-1.5400255412718473,-3.1507860050485683,-106.4611049859795,0.0,
-1.5176168581664877,3.085016148672709,-87.19257138088952,0.0,
4.697843148203588,3.183558481171921,-106.63443824074757,0.0,
-1.5713649814210366,-3.1453277691259527,-106.71699283859205,0.0,
-1.5545113308177123,3.0933325808435708,-87.24054917383401,0.0,
4.67532714826201,3.1657578039667706,-106.65069228350175,0.0,
-1.6117316742394538,-3.1445635913797756,-106.6171738866999,0.0,
4.6501426219640685,-3.072344845495353,-48.38318904278558,0.0,
4.7620264150102685,3.138407511977508,-106.22328517284609,0.0,
-1.5984920989544327,-3.1459492047727817,-106.69446693884645,0.0,
-1.5682338683525323,3.109141337589657,-87.17397283371668,0.0,
-1.5414670193761721,3.091076395976569,-87.2713161006335,0.0,
-1.5594168860331878,-3.1424258212212948,-106.67261527253167,0.0,
-1.5828076862220999,-3.072021497387019,-106.30140173462364,0.0,
-1.5841004303050832,-3.13050291835831,-106.76400194842199,0.0,
4.673652891890959,-3.066948849052553,-48.31942102650201,0.0,
4.687611717775567,3.178353411639547,-106.65057554495183,0.0,
4.700929242235308,3.142453003033591,-106.74942783251241,0.0,
-1.5476495668624684,3.124849160963559,-87.25272495172254,0.0,
4.686311311892413,3.147357902367762,-106.73062730338067,0.0,
4.728163690915805,3.1531680888277336,-106.6634484546311,0.0,
-1.5980090908793763,-3.116377387541372,-106.70317232063793,0.0,
-1.6026299443196927,-3.1360280130061,-106.70258350775305,0.0,
-1.5764805501845098,-3.1393551957394723,-106.748629524601,0.0,
-1.5967218008337052,-3.134914849321757,-106.732496936599,0.0,
-1.581376389801442,-3.144049143747016,-106.7382530477104,0.0,
-1.6394037258375809,-3.131540445699435,-106.31656961193316,0.0,
4.250892647135203,-3.177822967268837,-29.87320130284222,0.0,
-1.5815021547016845,3.0883568540885316,-86.98735021089058,0.0,
-1.5783674692399898,-3.083203856628721,-106.46017321789131,0.0,
-1.4560400488252885,3.2396460401817992,-84.08592210334879,0.0,
-1.6181754755352538,-3.155289442885675,-106.50229692394123,0.0,
4.7054557032640005,3.1224186992098786,-106.63357167513911,0.0,
-1.524481226230236,3.0889791640867137,-87.24393367060564,0.0,
-1.554832453566199,-3.1462368915644707,-106.6260120994579,0.0,
-1.5952635344411252,-3.100025108357217,-106.61499643833098,0.0,
-1.5126604585705548,3.105608366708286,-87.23205503898606,0.0,
4.704404845718246,3.1756902715499162,-106.69212458837549,0.0,
-1.5779367204095234,-3.105487751868958,-106.6782336287181,0.0,
-1.5690491585550868,3.0812092235397506,-87.07507634884317,0.0,
-1.5767884710803408,-3.120673547075295,-106.74811393832641,0.0,
-1.5739513026547476,-3.137689167645473,-106.74758555164706,0.0,
4.712343788989881,3.1388896085562794,-106.71954443980381,0.0,
-1.5388281796683967,3.141173260557223,-87.15450950366585,0.0,
4.681267143573834,3.1326125945677483,-106.6548920179512,0.0,
4.698594048837167,3.148895643973418,-106.76148638237969,0.0,
-1.5471133095040355,3.1152371944471122,-87.28756794073644,0.0,
-1.630920386325955,-3.1634608362005863,-106.29089507733265,0.0,
-1.576506953660152,-3.1489889807682925,-106.71168272485535,0.0,
4.691195226724148,3.1452852625788945,-106.74331871138307,0.0,
4.683709106845344,3.1213402202324154,-106.58719632158748,0.0,
-1.5285862464376079,3.1086790828718693,-87.30180501939083,0.0,
-1.5451003836543853,3.1187532227412995,-87.28357540963862,0.0,
-1.5561466986614274,-3.186840740520833,-106.22900001679483,0.0,
-1.580184493312932,-3.1545803552720164,-106.68252974209042,0.0,
4.7203259816678305,3.187954742269401,-106.54678493585557,0.0,
-1.4983528556018095,3.0914372604291116,-87.0763896594362,0.0,
-1.575585157310004,3.1103289930547,-87.10209620988427,0.0,
-1.6059100414824308,-3.1411105040675342,-106.671336618323,0.0,
-1.548453336401769,-3.136469552905081,-106.60281728989695,0.0,
4.721686289034761,3.1416188399552656,-106.68788917871208,0.0,
-1.5485384060022718,3.119880591801806,-87.27028471541504,0.0,
-1.5121997945525247,3.1273316270394966,-87.17628317088092,0.0,
-1.5753664479604015,-3.1326618217650752,-106.75739459787394,0.0,
-1.063096670342965,-1.957949488106835,-17.673963651698422,0.0,
0.6942941867388978,0.9230384533172596,1.4881277434887155,0.0,
-1.5589530760101096,-3.1155165555025137,-106.66152828389812,0.0,
-1.5342922656278057,3.1139530315836588,-87.30438116380738,0.0,
4.676183946888516,3.151992247807682,-106.67970618033455,0.0,
-1.6023921682045386,-3.171304129842386,-106.47839237304017,0.0,
-1.5229548784776947,3.1479429649178816,-87.06180980849359,0.0,
4.728596024265561,3.1816996269484057,-106.54839845867245,0.0,
4.703557238303711,3.1191723664359765,-106.60680501402652,0.0,
-1.5199839823632204,-3.1166667465912066,-106.21080213394977,0.0,
-1.595990412594167,-3.1040731786382425,-106.64361818325867,0.0,
-1.5824020700245882,-3.1387338831636318,-106.75463339062563,0.0,
4.698366842496784,3.132224387713965,-106.70468877933618,0.0,
-1.7716732509743254,3.0100072289425523,-78.78464412394939,0.0,
-1.5852039097718191,-3.1219235902471607,-106.75368757583587,0.0,
-1.5302246313994015,3.1660364764932356,-86.83571397497344,0.0,
-1.5876801366847741,-3.1518428865602806,-106.69645963018309,0.0,
-1.576614382118363,-3.1403945703839597,-106.74607548577835,0.0,
-1.5868517303567207,-3.1435686525319735,-106.73722333355192,0.0,
-1.589428670200752,-3.1013637216822985,-106.64249502116895,0.0,
-1.3543526429199322,-3.2371842289165746,-98.34826750975654,0.0,
-1.5679411371344765,3.144088552588829,-86.99111326453807,0.0,
-1.5807742427835336,-3.1049511379502945,-106.67659432287614,0.0,
-1.5738043929294665,-3.129970096914096,-106.75497757100861,0.0,
-1.5808005961521214,-3.100891920007801,-106.64623706499422,0.0,
-1.533184503241347,3.117119933316966,-87.29653541423278,0.0,
-1.5676453806282058,-3.126156667993839,-106.73347262879935,0.0,
-1.5553394333502668,-3.19968027183145,-106.00089256746162,0.0,
-1.5698394486900025,-3.1623267274444213,-106.60150458551072,0.0,
-1.5198787974737484,3.124027620168209,-87.23544310015815,0.0,
-1.5216031713904534,3.0837507476999826,-87.20319345898628,0.0,
-1.5937221597525735,-3.097758664434607,-106.60081020793291,0.0,
3.6301694243698686,1.7756323747455758,-0.32013267497996134,0.0,
-1.5934364446132314,-3.091004635009108,-106.53536887990006,0.0,
-1.5495883233592243,-3.0937764273952535,-106.43914793688367,0.0,
4.645776799438282,3.181849469611837,-106.23012223406884,0.0,
4.667353648010764,-3.0871394420319582,-48.38495269331309,0.0,
4.5389668354616335,3.487047431732402,-89.8941159608064,0.0,
-1.5552170392081521,-3.164596386117497,-106.50089881695226,0.0,
-1.5198517220160146,3.1516984445429026,-87.00565786696968,0.0,
4.707878730000609,3.1636839405853707,-106.74240582290832,0.0,
-1.5794723924364917,-3.126929260719043,-106.76206290460163,0.0,
-1.5781633890733175,-3.142806368263381,-106.74058365024409,0.0,
-1.5461165882328098,3.1103341828701443,-87.29750256154195,0.0,
4.690355212707653,3.155431214769993,-106.74794870634477,0.0,
4.696434027156223,3.119596765465604,-106.60915245503445,0.0,
-1.5970291780974712,-3.106099286253198,-106.65349329597558,0.0,
-1.615124874263972,-3.0877877904516975,-106.36645727563958,0.0,
4.664013620351788,3.1175013660190842,-106.4068829392014,0.0,
4.689987910332082,3.155892653043771,-106.7464960023347,0.0,
-1.569929901045229,3.115118075831728,-87.15091895380114,0.0,
-1.5808677753673457,-3.174904167676746,-106.49021848730409,0.0,
-1.5443320646823682,-3.1198528721678462,-106.5540604308196,0.0,
4.730976162340891,3.153665688277666,-106.64136390559959,0.0,
4.694728149305749,3.160660095324806,-106.7507795954662,0.0,
4.663983991082769,3.141347405518773,-106.55879046576086,0.0,
-1.5510090420102784,3.0870209639352337,-87.22637691994709,0.0,
-1.5749788327644119,-3.1154625327915557,-106.72768940216326,0.0,
-1.5995484037712497,-3.1505397890994953,-106.66706064603423,0.0,
4.720821410655159,3.180072234250003,-106.61088673902877,0.0,
-1.57657413444643,-3.0888139978837783,-106.52570351357885,0.0,
3.373633607911496,2.5358008722276715,-9.389796983959348,0.0,
-1.5773811044598087,-3.134415931226793,-106.758994882017,0.0,
-1.5579213192890822,-3.121544368512132,-106.67392729873082,0.0,
4.3906702912874325,2.984534842017549,-91.37540409008463,0.0,
4.7329448207816025,3.2243126035704464,-105.9352558783538,0.0,
-1.6033049222407456,-3.139796333899478,-106.69095439352273,0.0,
-1.555907929852591,-3.1099498883012817,-106.61449475961015,0.0,
-1.5834358581733903,-3.1026011344896216,-106.65945128799824,0.0,
-1.5294568071020942,3.03563905465112,-86.60983032341187,0.0,
-1.5770842730273489,-3.144275293669071,-106.73383353139329,0.0,
-1.54939993465069,-3.14914271415437,-106.56688546054467,0.0,
4.608302512970333,-3.077051940106762,-48.1070675170722,0.0,
-1.5518806955552715,3.1047810924337758,-87.27831543125633,0.0,
4.711320495758995,3.161662055199895,-106.73974704262321,0.0,
-1.5437513217215746,3.0956255311940133,-87.28507218231312,0.0,
-1.531248354298584,3.0990738667652016,-87.29724281105705,0.0,
-1.5995396827939672,-3.079150744441093,-106.3645624934202,0.0,
-1.5636117929807674,-3.0933415839525833,-106.53213688494434,0.0,
-1.5843209448956115,-3.1358578000860424,-106.75958251925825,0.0,
-1.5854280479724159,-3.1812007165268428,-106.40682662548886,0.0,
-1.5984149829735397,-3.098505189420706,-106.58919867247066,0.0,
-1.6208197695325284,-3.131808156926526,-106.55945399834748,0.0,
-1.6041841619053985,-3.107975478491609,-106.62897369752041,0.0,
-1.5614683338303756,-3.1540112290284252,-106.62718574999994,0.0,
-1.5549679171272328,-3.175864675565251,-106.37469833938982,0.0,
4.637257335664783,3.104058405847548,-105.88820509514414,0.0,
-1.573082746870196,-3.1423406109104013,-106.73293990631225,0.0,
-1.4943820736100775,3.0935571936840347,-87.04187682612567,0.0,
-1.5730549547907724,-3.112840798144332,-106.71191890325551,0.0,
-1.6045091646479885,-3.1233490849295666,-106.68909068123293,0.0,
-1.5386945109488155,-3.136340633202191,-106.49954538406331,0.0,
-1.5451722303848687,3.101914790920388,-87.29687379214016,0.0,
-1.5751803535796212,-3.1479454334873687,-106.71457836893524,0.0,
-1.5933291312845104,-3.143173283924216,-106.72467444832556,0.0,
-1.5772670507975874,-3.089481266359771,-106.53412676323731,0.0,
-1.5344782639405823,3.108537126650668,-87.31007686741526,0.0,
-1.5497283641038557,3.1014314655455513,-87.28272451006549,0.0,
4.685766152729681,3.1405214274647304,-106.71168514360059,0.0,
4.690080614780525,3.133335320065009,-106.69564624681772,0.0,
-1.619114316540872,-3.111958459213232,-106.53023910875764,0.0,
-1.6029332962217173,-3.1534960197786766,-106.6319066042485,0.0,
-1.5432552468175966,3.1328388721952307,-87.21653544065681,0.0,
4.7404274214695485,3.111246058540537,-106.30933659152112,0.0,
4.687989705696619,3.1562162083464687,-106.73958922760315,0.0,
-1.9596690764153588,-3.3076857205296526,-86.1754733028103,0.0,
-1.524058264650261,3.0757477292386097,-87.15231713999287,0.0,
4.65903434019943,3.1405878644837837,-106.50300399529097,0.0,
4.707147307315496,3.137962382099921,-106.72840981690894,0.0,
-1.5465369456868758,-3.1283424799336044,-106.58995917059221,0.0,
4.724551837248085,3.1348501018781434,-106.6427545991096,0.0,
-1.5472594400813229,3.07336314366455,-87.1383267662454,0.0,
-1.5546491974070793,-3.185458086670325,-106.23909278040261,0.0,
4.692782152590512,3.16938569432702,-106.71778667940771,0.0,
-1.5451608329439501,3.1314268931174114,-87.22208645505187,0.0,
4.692975226653419,3.166256962231201,-106.73104688941768,0.0,
-1.4925108652986903,3.092461182316737,-87.01571815959284,0.0,
4.6914278704659935,3.0080965223953866,-103.91303364452122,0.0,
-1.437892338146382,3.0985045538616554,-85.99822328387559,0.0,
-1.5783568848094656,-3.14749031031787,-106.72157119293045,0.0,
-1.6227373715536515,-3.1022591307251366,-106.4296427261097,0.0,
-1.5321464067363058,3.0805839861742,-87.20983317564885,0.0,
4.719108572030556,3.123411626119362,-106.5987862100029,0.0,
-1.6053938270886745,-3.1337872114767356,-106.68881512084289,0.0,
-1.6215397408560677,-3.115608185455305,-106.52157618095013,0.0,
-1.5960616271656156,-3.1202186103379796,-106.72387233530664,0.0,
-1.5710327609478791,-3.1303450832975606,-106.74757193130962,0.0,
4.69690945991618,3.1427324787117072,-106.74795796640362,0.0,
-1.580010316746212,-3.1424908677398777,-106.7432573148016,0.0,
-1.612815826366263,-3.110876626725908,-106.58305128100936,0.0,
-1.566552511841497,-3.145994213231547,-106.69656140906224,0.0,
-1.5849942529745598,-3.1499457767677854,-106.71019562829296,0.0,
-1.5554462592624971,3.1061713394970014,-87.26245393333441,0.0,
-1.526288553670497,2.9950265545816026,-85.61733937821867,0.0,
-1.536211907460812,3.077942104427018,-87.1925410377198,0.0,
4.682142184900759,3.172907686341666,-106.6601233738999,0.0,
-1.5423035844890645,3.09146603054589,-87.27185450014659,0.0,
-1.5425560428985692,3.1574703735548413,-86.96289984710232,0.0,
-1.5749574174652643,-3.081694983397955,-106.43569882445382,0.0,
4.698839648684263,3.128703890698257,-106.68325226316827,0.0,
-1.619526961492605,-3.061120652888399,-105.91808740987788,0.0,
4.700317317858436,3.1208984802579525,-106.62342569440077,0.0,
-1.592511767574849,-3.097347290339622,-106.6008378005091,0.0,
-1.7179589559490152,-3.1875161998094708,-103.86002952172916,0.0,
-1.5845832084763114,-3.12161006444888,-106.75343512265715,0.0,
-1.6433585351024869,-3.098571625514843,-106.11256419696646,0.0,
-1.6017447197105894,-3.085734485740832,-106.43920627416675,0.0,
4.022017362319385,2.758750493253501,-51.43772562606775,0.0,
-1.4582090363262141,3.109132776606714,-86.48458671571308,0.0,
4.850787298597248,3.23041395659008,-102.95231891918866,0.0,
-1.6027572136002954,-3.142461486735731,-106.68621799846879,0.0,
-1.5761160028329213,-3.126443688727607,-106.75760486161595,0.0,
-1.6175540027346826,-3.106858397834186,-106.51630080463178,0.0,
4.659838322021808,3.170025743513602,-106.4908203267941,0.0,
-1.5826883454846628,-3.0871406411407185,-106.51013363571441,0.0,
-1.5492656261892825,-3.11616592230974,-106.58971901875496,0.0,
-1.5397515561623236,3.1168077285735554,-87.29759616616474,0.0,
-1.605220179905357,-3.1076049738018767,-106.62023487139432,0.0,
4.686141027297529,3.111940364794752,-106.50437191494147,0.0,
-1.5204493968668948,3.0930837188845013,-87.24668374142306,0.0,
4.692720941921804,3.1343173683101386,-106.70767564414216,0.0,
-1.518867675810281,3.091322537525326,-87.23200999914368,0.0,
4.70229939053379,3.1803919431144307,-106.6610463741798,0.0,
-1.5645238112850481,3.1117662744258494,-87.20192288529591,0.0,
4.70181097929329,3.132056358548113,-106.70448835467369,0.0,
4.7475686846801155,3.1310192112900412,-106.39910186799374,0.0,
-1.5891337024319272,-3.1113224100685053,-106.70843611897858,0.0,
4.677300795165129,-3.0238585512838854,-47.855907024546696,0.0,
-1.63705301978998,-3.101260066223755,-106.2348584573258,0.0,
-1.5277305657472788,3.1165336483309507,-87.28888549612402,0.0,
-1.5316032910504427,-3.1454369954710355,-106.38047261930294,0.0,
-1.5191356136828906,3.121251260870306,-87.24344589403232,0.0,
-1.5849541444872388,-3.1457229569906047,-106.73061840234593,0.0,
-1.5953446465942114,-3.157838477198995,-106.63670888724677,0.0,
-1.5733075849064484,-3.1523367520116863,-106.68635159963571,0.0,
-1.5806162346889927,-3.13621399667205,-106.75930620002231,0.0,
-1.596835976150113,-3.1075865625707775,-106.66386152863245,0.0,
-1.6022397238970782,-3.14687306624932,-106.6717850000116,0.0,
4.698965346428599,3.146675016064135,-106.7585783798206,0.0,
-1.577347926244974,3.1068848306284975,-87.08417831332342,0.0,
-1.497287528507388,3.094286898367912,-87.07661635509511,0.0,
4.716629644325265,3.135232362437951,-106.68750672895536,0.0,
-1.5799697063591063,3.1360471299923494,-86.93980279844301,0.0,
-1.5783893775087696,-3.1476114339473757,-106.7210288497929,0.0,
-1.5249080665702235,3.10029764251505,-87.28496180177734,0.0,
-1.5917143464739658,-3.1293417287973817,-106.75182664828012,0.0,
-1.598602425442588,-3.1520891380027765,-106.66249629393259,0.0,
-1.5557750172019067,3.07380051845191,-87.10817271040582,0.0,
-1.5513487888495974,3.123408069308117,-87.24623626034189,0.0,
-1.0183987174137026,-2.818026740737088,-63.821377288252556,0.0,
-1.574809462377267,-3.1249586741763307,-106.75338318274473,0.0,
-1.5434394633241586,3.1022984385119723,-87.30103353276613,0.0,
-1.5492276323611653,3.178894778464209,-86.58809260521124,0.0,
4.673189457714088,3.136791900754318,-106.62321803856983,0.0,
4.682392918845269,3.152361962008644,-106.71678305759471,0.0,
4.6889195957659195,3.1510406555737522,-106.74390805235033,0.0,
4.6769666637234915,-3.0819942337703288,-48.34111609908363,0.0,
-1.539448222823927,-3.1647988139549486,-106.34712087125939,0.0,
-1.539174231319868,3.1520010908032594,-87.03804484867054,0.0,
-1.5769319988406958,-3.130684768521706,-106.76077592015564,0.0,
-1.6325202505731853,-3.1248928868992096,-106.4130996110018,0.0,
-1.3656945032415053,2.9263263246608555,-79.41438571120506,0.0,
-1.7066496656437198,-3.116382271661738,-104.64931526239481,0.0,
-1.5244278991876843,-3.1229951023120015,-106.30092053162,0.0,
-1.5721229767120954,-3.1747816607600186,-106.47735683282194,0.0,
-1.5788848610976631,-3.1510046422417926,-106.70372007903575,0.0,
4.708804304475467,3.1476305671056948,-106.75230679768364,0.0,
-1.6083074798842156,-3.123622529690327,-106.66431069458369,0.0,
-1.6004464993861953,-3.2424378013404067,-105.00687243688392,0.0,
-1.553832693650071,-3.1292664786288933,-106.65431049816252,0.0,
-1.6024678335165732,-3.135604793254211,-106.70411981136597,0.0,
-0.8519877681016723,-2.2304427587378313,-21.46765729988673,0.0,
-1.5808917137958114,-3.07174359605166,-106.29703996836926,0.0,
-1.48869614609003,3.1130767765812104,-86.99570080888518,0.0,
4.720013306272422,3.1301133693263474,-106.64260081668245,0.0,
-1.5820060095101094,-3.10229301029829,-106.65740699670776,0.0,
-1.5299589869843877,3.114162896336452,-87.29868774669885,0.0,
-1.5886850752701838,-3.1619460030681568,-106.6209774195496,0.0,
-1.6111028164671681,-3.101681649152418,-106.536276553843,0.0,
4.705612735033522,3.1134705001915908,-106.54725565900216,0.0,
4.697133104977696,3.159814127332546,-106.7558932711101,0.0,
-1.5448342610492578,3.1157104901880666,-87.29235487118885,0.0,
4.680124610982678,3.170487827306987,-106.66157596466002,0.0,
-1.58816144884168,-3.1394672584169707,-106.74798627903407,0.0,
-1.568759445744183,-3.1225075697817033,-106.73190136513261,0.0,
4.648277680525353,3.1908849747640184,-106.18376371226627,0.0,
-1.5755273751583279,-3.1432821171210077,-106.73500046245306,0.0,
-1.526697041441832,3.1194314291099583,-87.27794897195835,0.0,
3.8429244010993395,3.216257444226285,-49.38533463319387,0.0,
-1.5755553241018976,-3.1395242150372753,-106.74662611453921,0.0,
-1.5341107905952265,-3.1358018122502505,-106.44285723548555,0.0,
4.6758724427003076,3.1521802703993074,-106.67760700307869,0.0,
4.69697077743773,3.122358150837999,-106.63398421530387,0.0,
-1.5654694846567352,-3.1449964019862033,-106.69594048809518,0.0,
-1.6199419881051846,-3.105045359648654,-106.48014569115698,0.0,
-1.5680459381527962,-3.1485836045293314,-106.6904975896442,0.0,
-1.6117565075070825,-3.183455220315401,-106.2589644437494,0.0,
-1.5986689172996322,-3.0737491784816218,-106.28944705038928,0.0,
4.684563439599466,3.136148545832998,-106.68906591226072,0.0,
-1.518509096777348,3.093392601628702,-87.23879347524021,0.0,
4.192206726002396,2.827050838253391,-68.29240304956947,0.0,
-1.5440616266503127,3.0894551554876637,-87.25949466458466,0.0,
-1.8082320780853434,-2.4533655271376293,-59.792113253144905,0.0,
-0.8449632495784811,-2.214990163382643,-20.564018777829677,0.0,
4.681473385157031,-3.1002720796623806,-48.277919107347806,0.0,
-1.5101890658615216,3.089256029819704,-87.17005078784024,0.0,
-1.5375601261222478,3.073651707987921,-87.15575407627969,0.0,
4.724772384693825,3.123012287623714,-106.56263589766723,0.0,
4.71545430143843,3.169065179434461,-106.70075692766724,0.0,
4.718263239759236,3.1564542450975708,-106.72220292258076,0.0,
-1.6401455148002166,3.104173412180014,-85.84425490266443,0.0,
-1.5875871718509176,-3.1429949849882783,-106.73826642609745,0.0,
4.521191786592747,-2.911203345958325,-42.4554761107488,0.0,
-1.5231457425414627,3.109804646093644,-87.28529934101516,0.0,
4.682077856102649,3.1715505653429665,-106.66701007245892,0.0,
4.710543458292837,3.0159614429254065,-104.20286450679181,0.0,
-1.5722892292372666,-3.094875433749031,-106.58046474002153,0.0,
-1.5618006624606005,3.125453919100269,-87.17935994652478,0.0,
-1.5824876321028518,-3.1557591216305254,-106.67507760678353,0.0,
-1.5843483979889386,-3.12423799783043,-106.75888403597011,0.0,
-1.5602074560769006,-3.154762569092323,-106.61472280420826,0.0,
-1.543117118230499,3.1156073760900282,-87.2960416977055,0.0,
-1.5314074865258431,3.1161298073920944,-87.29691825880484,0.0,
-1.5858912242553456,-3.0873587214408094,-106.51055576562936,0.0,
-1.6591895567348367,-3.162681400752458,-105.81716070334932,0.0,
-1.5577592222422973,-3.107475300849151,-106.61280791529441,0.0,
-1.5783406192825007,-3.140801970026448,-106.7471608797682,0.0,
-1.5734331271433315,-3.10830126538332,-106.6884163251983,0.0,
4.729165865884051,3.0696106847661393,-105.70027645931278,0.0,
-1.566697249644712,3.1215123356002907,-87.15968253662201,0.0,
-1.8004301146347417,-3.147129070082109,-100.53722886010763,0.0,
-1.5039289816718893,3.0831146972360344,-87.08415567876321,0.0,
-0.37320328483055826,2.740533860580364,-10.815420652188854,0.0,
-1.597157844393964,-3.14020738384291,-106.72024650064492,0.0,
-1.5768258787345941,-3.145216341133821,-106.72969698328818,0.0,
-1.5687019857768036,-3.123250514547438,-106.73317389056012,0.0,
4.692274299261506,3.130488096251592,-106.68509588273818,0.0,
4.700920986781286,3.2103980741035,-106.31356138797726,0.0,
-1.4829595816051362,3.066799410029486,-86.69611820087661,0.0,
-1.5029711242197568,3.0247835517037753,-86.23971713391003,0.0,
4.670286094917224,-3.106322923467203,-48.30976823212137,0.0,
-1.5266068929476646,-2.9680018149673915,-102.86447320289528,0.0,
-1.5787436340062093,-3.1572150292252994,-106.66280445329542,0.0,
-1.5376875761039757,3.1337266466686735,-87.21628796122761,0.0,
-1.566095391549927,3.15516669494543,-86.8778231595273,0.0,
3.8741644331515177,3.4732131293265445,-44.60526993484679,0.0,
4.6601428755754375,3.1406169331180793,-106.51562358947551,0.0,
-1.6246817103791387,-3.1409160609349094,-106.50206710271281,0.0,
-2.087718272692993,-2.7023711245387765,-62.192348226871744,0.0,
4.728862641849433,3.1674300944527998,-106.63015490208953,0.0,
-1.6000336865091804,-3.1334761328315164,-106.719287616968,0.0,
-1.548993016201578,3.083394145999657,-87.21182342114011,0.0,
-1.5842730987244311,-3.118265821185439,-106.74415783249822,0.0,
-1.337004585380708,3.212793175128769,-80.75763859510188,0.0,
-1.5994679137777654,-3.159503803602024,-106.60672495228492,0.0,
-1.56524123535217,-3.1229388825038136,-106.71818817194693,0.0,
4.729794262199442,3.1038212489464434,-106.31675860794523,0.0,
-1.603049666854936,-3.1747809952189145,-106.43405529229716,0.0,
4.683693948793408,3.1465163499884303,-106.71777830642158,0.0,
-1.6014879242727438,-3.124631319289879,-106.70865089132803,0.0,
-1.5959456607080738,-3.0676150104367252,-106.20159082498103,0.0,
4.69123481363771,3.1303554447641493,-106.68167339048206,0.0,
4.524056182919202,3.25619729550229,-101.1904869207096,0.0,
4.6779296435356255,3.137721140065229,-106.66012210663014,0.0,
-1.5685558846679881,-3.1314423744954856,-106.73893935294288,0.0,
-1.5700588855813205,-3.1231670737827955,-106.73775582747248,0.0,
4.737703288005591,3.1416342375952473,-106.56145033101326,0.0,
-1.587079853345621,-3.1411747960002487,-106.74488239154424,0.0,
4.698389332399389,3.1456652289659197,-106.75633782877169,0.0,
-1.592394625162573,-3.1411351164055112,-106.73403034040328,0.0,
4.727514718442769,3.1631998585627303,-106.65431274028181,0.0,
4.707130035351947,3.129785717740551,-106.68548515192063,0.0,
-1.5015450583595744,2.9356761185157056,-83.32215427247732,0.0,
4.75886175049452,3.1717659609192115,-106.25931646188704,0.0,
4.712293736535254,3.1537260042995574,-106.74707375751332,0.0,
4.778211033820976,2.836278034556237,-93.22903027016923,0.0,
4.677360550922233,3.131371690010177,-106.62469781326136,0.0,
4.7139178231281695,3.1505452815656305,-106.74090816450811,0.0,
-1.584278883307653,-3.137567017394779,-106.75657678276468,0.0,
-1.5951619441269809,-3.13261439589707,-106.74055560572295,0.0,
-1.59114396007689,-3.115829499407358,-106.72463603962,0.0,
-1.5769002961465817,-3.1327240815452018,-106.75989257104287,0.0,
-1.6028938847860594,-3.107111774516593,-106.63118564039402,0.0,
-1.5083535686695888,3.078016991182848,-87.08353069946808,0.0,
4.721786426464775,3.155100935360771,-106.70484292117105,0.0,
-1.60783970991812,-3.1420141857695976,-106.65553631371066,0.0,
-1.5822645552775934,-3.151482732491537,-106.70255636845042,0.0,
-1.538611876282963,-3.151773597272859,-106.43863118566343,0.0,
-1.5747271165208885,-3.1605091306409356,-106.6306617177558,0.0,
4.727440531040924,3.1199468077019024,-106.51743510327402,0.0,
-1.5939860668443242,-3.1447083517401535,-106.71687249642484,0.0,
-1.5297273594308745,3.0752511234715176,-87.16328700556332,0.0,
-1.5338896988197315,3.105269120025684,-87.30917140048535,0.0,
-1.5431941636709248,3.107762235089387,-87.30504163616439,0.0,
-1.5350823479133284,3.1047478246650346,-87.30953357756994,0.0,
4.684738141760678,3.1505594014463307,-106.72734694814893,0.0,
-1.5095101342902522,-3.224393292243446,-104.81794464402627,0.0,
-1.555419106068971,3.117035355686081,-87.24995065246046,0.0,
-1.5458389517012858,3.1173234130126968,-87.28594125103628,0.0,
-1.6188285652184893,-3.1117210221766864,-106.53191151950993,0.0,
-1.5738224813688346,-3.126513533309579,-106.7531714680543,0.0,
-1.6087333980879255,-3.1432908791742484,-106.64487080547617,0.0,
-1.6021183321269608,-3.0544121280933565,-105.92444558701003,0.0,
-1.5958312062954227,-3.167386897786682,-106.5503062794164,0.0,
-1.5565648231012668,-3.102351922441726,-106.56937410020129,0.0,
-1.585092264942085,-3.174827587585654,-106.49057196753299,0.0,
-1.543795155945886,3.0974187934340778,-87.29030842115496,0.0,
-1.6048376661538681,-3.143144613142543,-106.67159081235053,0.0,
-1.6111418346665882,-3.089908471721181,-106.42453772122131,0.0,
4.7140038129536554,3.1314551283143266,-106.67745768746376,0.0,
4.650052882378779,3.1960832617654327,-106.15104855805012,0.0,
-1.5250696689226122,3.1237257937530556,-87.2566983731902,0.0,
4.716606648202083,3.121456510829338,-106.5940469208372,0.0,
-1.829105712324069,-2.792171317965779,-85.64946130120192,0.0,
-1.588298174645597,-3.158560861676462,-106.6494982037766,0.0,
4.688447085756587,3.153450992286508,-106.74270747962429,0.0,
-1.5131885808727494,3.10173190800388,-87.23133975048901,0.0,
-1.5665827648661137,3.131625602746129,-87.10715666950796,0.0,
4.7233784592495685,3.1951835700557933,-106.45356722531321,0.0,
-1.5714699690328413,-3.1401956935165,-106.73507135712745,0.0,
-1.5557302121567476,-3.171583332630776,-106.43170414686648,0.0,
-0.7293220140151427,2.6063112770267542,-23.89629954673175,0.0,
-1.6083545181997918,3.1155939005169557,-86.59623858432096,0.0,
4.319718160179234,3.56185397275268,-72.28907900294868,0.0,
-1.5553631025688597,-3.1361087103358627,-106.6609359239002,0.0,
-1.594999743060034,-3.0808789599038904,-106.40745940636322,0.0,
-1.6184330280604038,-3.076599942512061,-106.1878606708532,0.0,
-1.6097273907778347,-3.118596906037807,-106.64099013710495,0.0,
-1.5851489995518808,-3.1153648607988464,-106.73281140307947,0.0,
-1.5895501276709179,3.085583572099832,-86.86468442793064,0.0,
4.67970946497074,3.1700248180702997,-106.66137551673073,0.0,
-1.6097365093557134,-3.1241696685002585,-106.6547553398217,0.0,
-1.5853552475872597,-3.1319770805928435,-106.76271817224021,0.0,
4.708046743686286,3.136267784839594,-106.7193673409708,0.0,
-1.7087867757963449,-2.7959810666337805,-91.11335433863466,0.0,
-1.3718900149915523,-3.3598105446864377,-94.03360490499861,0.0,
-1.5769136150715028,-3.1620534750166667,-106.62140614562307,0.0,
-1.5890553920348527,-3.1723700554091017,-106.51478274420202,0.0,
-1.5885377702055536,-3.109332635294635,-106.69866225367564,0.0,
4.705883967818429,3.174982166225882,-106.6948627842443,0.0,
4.562553931472717,3.5350279857795197,-87.17009319140999,0.0,
4.664944529583631,3.13082078798251,-106.52038761799967,0.0,
-1.6135162876828741,-3.093223481716725,-106.43996630268715,0.0,
-1.5165565968269068,3.1064138506413337,-87.2557228055739,0.0,
-1.5139693077278553,3.12310243383562,-87.20794528868845,0.0,
-1.549050698639321,-3.090481247224819,-106.40024827992299,0.0,
-1.5017828855607744,3.077200675020772,-87.02062224271856,0.0,
-1.574905822542211,-3.1338847076134217,-106.7554708739078,0.0,
-1.5830758189892882,-3.1927804133827453,-106.22789164875172,0.0,
4.716319873631804,3.1267000883062868,-106.63703379115833,0.0,
-1.600580068569253,-3.1443504475323043,-106.6910601285037,0.0,
-1.559120291195981,3.073566148254976,-87.08719481720956,0.0,
-1.5995720319646618,-3.152038617222402,-106.65833306730752,0.0,
-1.563094342901968,-3.1137584858141625,-106.67798124557824,0.0,
-1.5349093484263685,-3.1629194284255515,-106.30832587222862,0.0,
4.695856504454166,-3.1216431037823296,-47.99141274941514,0.0,
-1.613889606705547,-2.8823010790717998,-98.74234221349779,0.0,
-1.5230046638089474,3.118336009345075,-87.2695417187869,0.0,
-1.5347306528555928,3.1303309244619144,-87.23889227153903,0.0,
-1.5959935857036947,-3.1209398436046127,-106.72606530359354,0.0,
-1.529469610437421,-3.1518183800173047,-106.31730357718567,0.0,
-1.5903053116253139,-3.093518050881661,-106.57006842490517,0.0,
-1.5412014940873884,-3.063546127853319,-105.93342367637015,0.0,
4.723062541633138,3.16073653627407,-106.68988766692621,0.0,
-1.4836413413248466,3.0852446717120094,-86.8630334843698,0.0,
-1.535859308023681,3.086623946076628,-87.2517376730739,0.0,
4.699030871262649,3.1431008496540507,-106.75071956311771,0.0,
-1.5700812770920514,-3.136775070311703,-106.73853297266521,0.0,
-1.5841567116553104,-3.1537398502316702,-106.68821401074727,0.0,
4.709076442256426,3.1595832450650954,-106.74970932542993,0.0,
-1.5194732259108006,3.093350116635833,-87.2432741169837,0.0,
-1.5573229240619113,3.1325234272311824,-87.16564300738767,0.0,
-1.6006539770982529,-3.133707805250478,-106.7159903473678,0.0,
-1.5900961476200905,-3.130819275257779,-106.75581280663829,0.0,
-1.5610714183483068,-3.123014042911288,-106.69663376593617,0.0,
-1.6034879394753419,-3.142235664795174,-106.68277399940075,0.0,
-1.577067508946214,-3.1564554800958784,-106.66632103340602,0.0,
4.585238381032733,2.4399950233406678,-58.041195613599854,0.0,
4.703204246426489,-3.0828779489766047,-48.09277590408804,0.0,
-1.582631497088351,-3.089947595100188,-106.54211296857721,0.0,
-1.5186769075745739,3.1219483523138334,-87.2385654486028,0.0,
-1.5477554048340472,3.0695383388572517,-87.09971406047711,0.0,
-1.5670744112721657,-3.10835271460784,-106.66822296376552,0.0,
-1.5405889726225552,3.0933203435829606,-87.28164157863868,0.0,
-1.5541312684521966,3.0325168668724225,-86.51625898613275,0.0,
-1.5517343501349687,3.10919256901936,-87.27938247235578,0.0,
-1.5490752356074409,-3.153612514152007,-106.5376805358276,0.0,
-1.530330393885509,-3.1081102831820258,-106.33110787121653,0.0,
-1.5533568409546021,-3.0906701240028274,-106.43850690647288,0.0,
-1.5428867491331075,3.106943344621771,-87.30556158148832,0.0,
-1.5690498786998395,-3.1125585611674436,-106.69849761005675,0.0,
4.645063802964782,3.155911653694285,-106.33490316462519,0.0,
-1.5922830730844635,3.0956706439409265,-86.86925762131469,0.0,
4.68366247255625,3.1441980234998534,-106.71287704681471,0.0,
-1.661213077639262,-3.104280337860604,-105.81835120191312,0.0,
-1.553467067080174,3.0998889576682074,-87.26466966534628,0.0,
4.679850913573584,3.1522427941557556,-106.702885404382,0.0,
-1.5988878575838699,-3.1043873799130934,-106.63357627620898,0.0,
-1.4921908068133711,3.0596231557487235,-86.73241061177016,0.0,
-1.5243058399175917,3.10797284144285,-87.29006159797238,0.0,
-1.54397540521401,3.063087961675923,-87.03747967968627,0.0,
-1.518679503905839,3.141742817455141,-87.10700486150667,0.0,
-1.5785520252118548,-3.141916494840786,-106.74396745906472,0.0,
-1.5303374016530364,3.116484946152086,-87.29438816450713,0.0,
-1.5847599642965857,-3.098887533112823,-106.62866268977605,0.0,
-1.5913729917252788,-3.1176094249085113,-106.73069391153939,0.0,
-1.6157202324471251,-3.126839853746759,-106.60824080177255,0.0,
-1.5702034965983769,-3.1503041606957245,-106.68917607991281,0.0,
-1.5410738325655198,3.136182268174667,-87.19510385628553,0.0,
-1.5603372155321316,-3.1244395390834607,-106.69480814057106,0.0,
-1.600643112947148,-3.1280402712084885,-106.7168228290272,0.0,
4.5186197280438325,3.2326470279042088,-101.51114238536188,0.0,
-1.614122272094704,-3.139175425975603,-106.61396815823521,0.0,
-1.543590591572523,-3.1460135253408748,-106.52492090897775,0.0,
-1.5404745006054836,3.1157523055926912,-87.29945531318963,0.0,
-1.5494639161465371,3.0804618570905227,-87.1899735788763,0.0,
-1.6041996209375313,-3.1070435722079903,-106.62303827574148,0.0,
-1.311247291681409,-2.8282199303567155,-86.70853309075343,0.0,
-1.488377303053254,-2.64606225092366,-80.16517695588624,0.0,
-1.6049488698210725,-3.1241290217365965,-106.6877896001456,0.0,
-1.5363875203083115,3.1084210547291833,-87.31074647110756,0.0,
-1.5605989339692052,-3.1151147571511295,-106.66996819776134,0.0,
4.688136511078204,3.1655278494980643,-106.7196086508171,0.0,
-1.5813267182386563,3.0721022375888656,-86.87081438138264,0.0,
-1.5888382508099337,-3.0524310596727933,-105.93337336902565,0.0,
-1.5613064682498694,-3.1181660506911877,-106.68533333187099,0.0,
-1.5320105687500432,3.108277632115884,-87.30784628394804,0.0,
-1.5690207436924108,-3.1832234277797244,-106.35405951035882,0.0,
-1.526926274149166,3.1243584923917305,-87.25918271931472,0.0,
0.6408003250754623,0.8810725541960406,1.4881351500811828,0.0,
-1.5857451697975211,-3.121885445140728,-106.75309593392923,0.0,
4.688650313178339,3.113104554943525,-106.52644221051514,0.0,
-1.554930015800338,-3.1636477379685273,-106.50762464678918,0.0,
4.685521873432157,3.139938982385696,-106.70864241873157,0.0,
-1.5820511197839555,-3.1218353430737817,-106.75482153872551,0.0,
-1.5514022636964173,3.100277925130603,-87.27432609146626,0.0,
-1.4989617859343938,3.1546806787363852,-86.8158446569048,0.0,
-1.5523065508437623,-3.1171142204293454,-106.61931213538173,0.0,
4.70880090386081,3.1594082128751007,-106.7506162257487,0.0,
-1.560743644124039,-3.1074548047851107,-106.63131651913639,0.0,
4.681331667636411,3.1480394154678044,-106.70811393452655,0.0,
-1.592764206183497,-3.137771385171152,-106.74142081557424,0.0,
-1.582757094275984,-3.1090984955683023,-106.70310228016784,0.0,
4.741385111773823,3.1494056499239145,-106.53890830873479,0.0,
-1.5724548029618441,-3.130668929171228,-106.75160762787192,0.0,
-1.5226085916369776,3.0969335664646716,-87.26870857754277,0.0,
-1.5426193840555282,3.1246472660221083,-87.26547929354699,0.0,
-1.545110915026164,-3.107046616068009,-106.50404314259924,0.0,
-1.5302789875830767,-3.163192974678738,-106.24260244256692,0.0,
4.654519478478715,3.1395389199124213,-106.44495402252758,0.0,
-1.5477948838960258,3.1353903815285973,-87.18664996624972,0.0,
-1.5039987404942625,-3.1849023226233513,-105.50984704589492,0.0,
-1.5517465298627604,-3.118352321303823,-106.61886816760942,0.0,
-1.5603681663568918,-3.1147261300048195,-106.66698428832173,0.0,
-1.619943027576795,-3.143723057711023,-106.54486686093941,0.0,
4.713747955121415,3.1416700731176257,-106.72461830019587,0.0,
4.188455354604576,2.878760132623045,-70.9295870190038,0.0,
-1.6453380310294015,-3.199536454792738,-105.5717116335995,0.0,
-1.5921819956915866,-3.1030336818944573,-106.64865950149232,0.0,
-1.4850624638368841,3.094967352444026,-86.92918677727988,0.0,
-1.5186300841269698,3.0547429797506607,-86.89034844696187,0.0,
4.699170456726604,3.103991279724841,-106.43516691747607,0.0,
-1.566012010571151,-3.148855101428995,-106.68058485997251,0.0,
-1.5949954232977956,-3.114188289728345,-106.70608363956828,0.0,
-1.498881344953669,-3.075720505221545,-105.4202099574449,0.0,
4.6831655346271175,3.134294964149861,-106.67356556221104,0.0,
4.699907977593763,3.1654966602343495,-106.74268245490336,0.0,
-1.6146536806242306,-3.1398120525050373,-106.60771121312162,0.0,
-1.5506833161003886,3.1158020304739624,-87.27431758192658,0.0,
-1.5914661487973754,-3.085387583525324,-106.47649923352282,0.0,
-1.623259852906077,-3.1316742101564072,-106.5329107002804,0.0,
-1.5921963549841678,-3.127108363305719,-106.74924413634156,0.0,
-1.5335690351374545,3.127109739626498,-87.25687293137217,0.0,
4.6404899854995545,-3.107516219531522,-48.304996684402944,0.0,
4.686089718512413,3.172300765562449,-106.68187693003253,0.0,
-1.5239312515105192,3.127562754380792,-87.23394500481432,0.0,
-1.5816752045108333,-3.086694592613222,-106.50494968435135,0.0,
4.992981174800518,3.2978061112047183,-93.29641762949822,0.0,
-1.6207361496473172,-3.1403221008196316,-106.54735412964345,0.0,
-1.5265077310688864,3.099431386736278,-87.28794275029367,0.0,
-1.5918440353565508,-3.144082803228683,-106.72556684797482,0.0,
-1.5263177473213148,3.0844605693301563,-87.22411036853163,0.0,
-1.6072689267534077,-3.128248198163097,-106.67731005513447,0.0,
-1.6073206039992929,-3.123447991655489,-106.67093268773465,0.0,
-1.6308821992535802,-3.1396749649632882,-106.42829683953718,0.0,
4.531749156304318,2.913638784533805,-95.69171532649716,0.0,
-1.5958588437795707,-3.1887819453643456,-106.27007697401639,0.0,
-1.6021248198670124,-3.168050300865322,-106.5149328434843,0.0,
-1.5569515740645161,-3.1432964618082115,-106.65325566645198,0.0,
4.681491372509465,3.1502572477410093,-106.71119853183683,0.0,
-1.585997194327401,-3.138300890511796,-106.75364224012455,0.0,
-1.5634857875127177,-3.12721427454226,-106.7155470022693,0.0,
-1.5266229900913841,3.122210827424221,-87.26763681516017,0.0,
4.618402349583674,3.0847963518322925,-105.2131837369855,0.0,
-1.8430448683575786,-2.9806607810984747,-95.22561262334939,0.0,
-1.5703544294380931,-3.1900564913211147,-106.252984934586,0.0,
-1.549713475632991,3.095306042888284,-87.26773402761287,0.0,
-1.53945783169105,3.1295158174134454,-87.24317283050587,0.0,
-1.5836639852214924,-3.1736378627966184,-106.50567985096603,0.0,
-1.6561516530022966,-3.1809371454963467,-105.67421800966727,0.0,
4.699750262921343,3.142962838330378,-106.7506567949672,0.0,
4.7015567202110295,3.1486434091472875,-106.76196144011213,0.0,
4.722881520621345,3.1625103675263655,-106.68682360767848,0.0,
-1.5918267197153226,3.007984588322161,-85.58404305981931,0.0,
-1.6047956184825831,-3.1775061878995428,-106.38961491145925,0.0,
-1.508779855000732,3.118054873844057,-87.1903630033179,0.0,
4.6718860811187914,3.1843009331049488,-106.51163723024501,0.0,
-1.5875042941453568,-3.1374540528039327,-106.7535254086621,0.0,
4.7463033492437035,3.12535773065133,-106.37608383225137,0.0,
4.675884967421208,3.1173003918922135,-106.50505092794069,0.0,
-1.4922824162572454,-1.945868075821627,-25.99911728789905,0.0,
4.725138739036419,3.185699200582571,-106.53924649301004,0.0,
4.676718199939675,3.1173016537844918,-106.51064894701719,0.0,
-1.558929501643408,-3.161912555861001,-106.55119706190088,0.0,
-1.5316320461688566,3.0973513798349757,-87.29344496746721,0.0,
-1.5922193112601783,-3.1017078887523075,-106.63841149600647,0.0,
-1.6177479430301305,-3.1314029533973327,-106.59075582050045,0.0,
-1.5199855783349219,3.121744756364808,-87.24549842632032,0.0,
-1.6067667902784035,-3.089897633423083,-106.456805561774,0.0,
-1.6010464786212397,-3.1454268999772075,-106.6843932430258,0.0,
4.661833115015699,3.1586732936544837,-106.54908790128812,0.0,
-1.5133810464849011,-3.185059758766371,-105.69654890914568,0.0,
-1.5580495488327826,-3.1598982727783778,-106.56248845662984,0.0,
-1.53368521695001,3.103253626373582,-87.30724465853623,0.0,
-1.5737064971832297,2.9723797890357924,-84.72726018078072,0.0,
-1.5760155650435876,-3.12111753185621,-106.74804367110187,0.0,
-1.5802213052555512,-3.104482444491507,-106.67309477138777,0.0,
-1.5832119635961368,-3.12339608119242,-106.7579202279505,0.0,
-1.5907055048005962,-3.1475617456193774,-106.71355476113787,0.0,
-1.6274625194759955,-3.154021680855232,-106.40797399532597,0.0,
-1.5890360365839733,-3.115196243650315,-106.7267241734499,0.0,
-1.564566155369056,-3.1223703437293495,-106.71383353237783,0.0,
-1.5540507036508158,-3.100425989957896,-106.53587741698179,0.0,
4.727621059008137,3.1405641109158045,-106.64574402120462,0.0,
-1.6020002195817293,-3.132418279347816,-106.70986574489669,0.0,
-1.5710086640941787,-3.1623463475938527,-106.60517246499614,0.0,
-1.5432096884665885,3.1611172638458864,-86.90982730273114,0.0,
4.658220635271378,-3.017815840883718,-47.820132401428566,0.0,
4.700528264242269,3.1313829376375946,-106.70065897600053,0.0,
-1.5911846497173996,-3.1139356444307817,-106.7165202256154,0.0,
4.716831921135945,3.2147059105642715,-106.21140897646711,0.0,
-1.6197994368228088,-3.1643168417511442,-106.41345758342527,0.0,
-1.5887848158078273,-3.156295291988271,-106.66556509845628,0.0,
-1.5914129851581267,-3.1189722541372302,-106.73508665929545,0.0,
-1.5563089752971022,3.094994572159967,-87.23733097735936,0.0,
4.719444394378215,3.1767894920168867,-106.64084129791785,0.0,
-1.6046161503427072,-3.1407462637391306,-106.68056131584567,0.0,
4.678583248026382,3.1352715683125454,-106.65322494190626,0.0,
4.622848517924269,2.9105391873045363,-98.30142080193876,0.0,
4.7012801424994635,3.1448066496735163,-106.75543817745303,0.0,
-1.557790440973656,3.1131049472505956,-87.24528214094751,0.0,
-1.580756669658834,-3.147818802355923,-106.72178555576647,0.0,
-1.5594848992926824,-3.1562377485821695,-106.59995204161469,0.0,
-1.5219376912861007,3.1246618328997235,-87.24129784745166,0.0,
-1.5675850166080714,-3.113515811102984,-106.69747414155395,0.0,
-1.5400225393704547,3.092844557672008,-87.28033524704138,0.0,
-1.5399365256026403,-3.145242072342048,-106.48761104304934,0.0,
-1.501969206893386,-3.102019953885826,-105.77991865553564,0.0,
-1.556834830838723,-3.1450103473400977,-106.64580347034041,0.0,
-1.5389126733966711,3.094619145153987,-87.2877829165476,0.0,
4.727933254646213,3.1164148845911797,-106.47987928934104,0.0,
4.688420578872636,3.13565116201469,-106.7020209461373,0.0,
-1.568770494942472,-3.1212427825504876,-106.72906779374338,0.0,
-1.5692704922595282,3.143048189127895,-86.98974575174913,0.0,
-1.5233582495336726,3.137797348279177,-87.16147907715586,0.0,
-1.584430486068229,-3.15103901460739,-106.7044921430642,0.0,
-1.5476012129636367,-3.1763950933788476,-106.30487629555216,0.0,
4.709650143731318,3.141854908867192,-106.7372849048937,0.0,
4.6301484185803625,-3.072052186968871,-48.30191612211678,0.0,
-1.5054533224024025,-3.1266426234830447,-105.95729082761048,0.0,
4.704166471610731,3.1803910669587108,-106.6600268298891,0.0,
-1.4605860805507902,3.072867217408336,-86.37026028839705,0.0,
-1.5998301977926812,-3.109260796528602,-106.6605110592005,0.0,
4.678184965261976,3.1655872817618627,-106.6703756808449,0.0,
-1.5773401375351195,-3.1581247282130893,-106.65428127888742,0.0,
-1.339240109389002,-3.31478217534521,-94.53280234609188,0.0,
-1.5676748301727261,-3.1093650170788654,-106.6765403256942,0.0,
-1.524592423596795,3.1139472577839333,-87.28540692746121,0.0,
4.766339320087171,3.1693975358437503,-106.14472149901987,0.0,
-1.5568269600137292,3.1355951232580432,-87.1459351745149,0.0,
-1.5945661911586841,-3.085414451681096,-106.46734282611627,0.0,
4.691342825219129,3.1643058437551748,-106.73366927506471,0.0,
-1.5699036628176066,-3.1121426251734716,-106.69940823407345,0.0,
-1.5146175370738095,3.0685285854503443,-87.03859293582454,0.0,
-1.5078252862688246,3.159955443769661,-86.82310958657985,0.0,
-1.5554309314282908,-3.1204518143467026,-106.65382500077024,0.0,
-1.592509386641212,-3.1461641290787905,-106.71528373348197,0.0,
-1.5396356408311245,3.114221012475225,-87.30340071551782,0.0,
4.854773660140221,3.102630566320664,-103.20966020300037,0.0,
-1.5393349094176996,3.105908587007051,-87.30958641717037,0.0,
-1.547958529228066,-3.0861000840029633,-106.34038284564045,0.0,
-1.5192625604318248,3.0883955236504077,-87.21985364535689,0.0,
-1.6246776268782295,-3.139224145367849,-106.506540680013,0.0,
-1.6165904144775505,-3.1244039711512572,-106.59689486409097,0.0,
-1.5540974387902442,-3.149999493710855,-106.60170102244557,0.0,
-1.5523688311699724,3.1012200817000775,-87.27201221016585,0.0,
-1.5888710180660472,-3.105554118053465,-106.67438997948202,0.0,
-1.5833422447894285,-3.111781344962823,-106.71750874938478,0.0,
-1.3659573776182805,-2.182404223052652,-39.84939235331289,0.0,
-1.5774794875786984,-3.1095667969283007,-106.70306112682849,0.0,
-1.516747683778624,3.1699972758900983,-86.72334274514553,0.0,
-1.582994967036376,-3.182324739712116,-106.39207184269333,0.0,
-1.6426131196982774,-3.132956561526458,-106.26459730081636,0.0,
4.6862611341169425,3.1478498960483186,-106.7311318229206,0.0,
4.697244839953799,3.1420622344900164,-106.74637956546907,0.0,
-1.5747035799532805,-3.1529236284483364,-106.6859154018625,0.0,
4.661618896428981,-3.069054441866303,-48.36901061107328,0.0,
-1.523300076195546,-3.150899676671417,-106.22818119340627,0.0,
-1.6112474949764943,-3.143389795089307,-106.62541164281005,0.0,
-1.5677266519813398,-3.153814626145016,-106.6589527650304,0.0,
-1.5252975759075322,3.117556794168799,-87.27953214698616,0.0,
-1.5948278372645475,-3.1332868393712334,-106.7412494284906,0.0,
-1.5590909927587342,3.095218684872774,-87.22211435040157,0.0,
-1.580615944888209,-3.0928175121564023,-106.57244474786083,0.0,
4.7042740659523465,3.1841997948029057,-106.62935163287264,0.0,
-1.5913009651006786,-3.1006192344696553,-106.63219738316157,0.0,
-1.5379141733544384,3.082181307856984,-87.22388446876421,0.0,
-1.582439560972157,-3.112589632323548,-106.72173012282968,0.0,
-1.5841773183834313,3.079883300644778,-86.90063681963538,0.0,
-1.5492786494910793,3.097155023702384,-87.2748684841982,0.0,
-1.6844544014127831,-2.987869755300396,-102.63673842611732,0.0,
4.644499142705642,-3.0825613967936505,-48.39028910969054,0.0,
4.708141153504329,3.149245056025688,-106.75568764721915,0.0,
-1.6150942901642822,-3.1132882637926986,-106.57529037465957,0.0,
-1.5934208516598711,-3.104263043390047,-106.65395514380377,0.0,
-1.5302520270058177,3.1022137628488773,-87.30148344595545,0.0,
-1.5923783738682986,-3.148694773431144,-106.70374903829402,0.0,
4.659491886032514,-3.0238348636293138,-47.918824988264774,0.0,
4.7009812662224535,3.1727053259511004,-106.71092413665366,0.0,
-1.5631819346932145,-3.1446190992020733,-106.68619300849434,0.0,
-1.6175007719430772,-3.161008520291453,-106.46543645370573,0.0,
4.678997425774006,3.1385232225656985,-106.6699293865122,0.0,
-1.5877560769101169,-3.1136789140863486,-106.72236192105525,0.0,
-1.5016327592777061,3.123483546105594,-87.11014113387537,0.0,
4.023435905012162,2.6610213821707984,-45.76023662924194,0.0,
-1.5758055165197464,-3.176013956486519,-106.47067634124969,0.0,
-1.5781689260676475,-3.1113493590892305,-106.7135101764045,0.0,
-1.541296696242369,-3.154038428277675,-106.45555877552121,0.0,
4.718228283598527,3.1084214486236017,-106.45014466969431,0.0,
-1.5520263668719771,3.030020757062839,-86.47498089169164,0.0,
4.703000134310201,3.156283619209123,-106.76248629074543,0.0,
-1.5599231066994623,3.1268139374463106,-87.18485759817713,0.0,
-1.5318540356778503,3.0982370591014727,-87.29608190182553,0.0,
-1.5885783121743422,-3.1498789717134583,-106.70612484266,0.0,
4.720948620250437,3.134070523471362,-106.66039566751155,0.0,
-1.5715690828910531,-3.1526982764917353,-106.67941644252141,0.0,
-1.5898795232101877,-3.1608233717057743,-106.62830024469844,0.0,
4.699003817618951,-3.137187321013005,-47.763309419485374,0.0,
-1.5891511482991134,-3.1541009627863827,-106.6799154272684,0.0,
4.700066025760871,3.1381356842462407,-106.73431824593595,0.0,
4.713076197992501,3.1402828141201167,-106.72232239373776,0.0,
-1.5810354772035782,-3.1321637486163203,-106.76385948411948,0.0,
4.708264867655033,3.180549928031316,-106.65322232843889,0.0,
-1.5738850667326696,-3.167092787587465,-106.56798737433003,0.0,
-1.5841391209776896,3.1234370334123507,-86.9657592636695,0.0,
-1.5160231936351936,3.1265338615313842,-87.20379797260817,0.0,
-1.5778151704485777,-3.1696886568697655,-106.54785522951411,0.0,
-1.5305906648546639,3.106890173021755,-87.30580804516589,0.0,
-1.435498719481697,2.898960720129759,-80.47249463854094,0.0,
-1.5585549378647436,3.074651323616306,-87.10035114841219,0.0,
4.6985531020706786,3.1377818498701657,-106.73218667936162,0.0,
-1.5935952381772398,-3.1009924363004275,-106.62860268100866,0.0,
4.662646602280873,-3.0575222189588502,-48.30221539297904,0.0,
-1.5751983396952254,-3.1527988960897537,-106.6876929428881,0.0,
4.648785087877589,-3.093481122652883,-48.389404193438594,0.0,
-1.5970979521604654,-3.1063879042001394,-106.65511451584027,0.0,
-1.4973574567818715,3.184762273785484,-86.28896682762624,0.0,
-1.5522290641348926,3.1157068411762934,-87.26825779855847,0.0,
4.712122440962413,3.150909093553207,-106.74705700494417,0.0,
-1.5882666595519368,-3.1072136857615367,-106.68635333132023,0.0,
4.678233314203297,3.1197535547949102,-106.54337683643078,0.0,
-1.5595480901687724,-3.159986216958743,-106.5714707191026,0.0,
-1.4986262453638663,3.1477021865569172,-86.89554385540944,0.0,
4.68823897781842,3.170230568135648,-106.70058739725356,0.0,
4.6641526347516225,-3.0750928924184513,-48.38363465008999,0.0,
-1.5693245562850668,3.152437534035344,-86.88491563325726,0.0,
4.745394472938359,3.162069529727287,-106.48368893903267,0.0,
-1.5787848926816435,-3.077366392637421,-106.38110227274214,0.0,
4.713065960114454,3.18862219947377,-106.57106664331981,0.0,
-1.5632707006021411,-3.075869647952008,-106.31354212138064,0.0,
-1.591465522849015,-3.138898482482988,-106.74247241280051,0.0,
-1.5910238982136478,-3.0996803146522156,-106.62514872156336,0.0,
-1.5960853820794854,-3.172571958251921,-106.49294475276345,0.0,
-1.5201920046346258,-3.138645288939585,-106.2270668819555,0.0,
-1.5623849226359512,-3.1278743629474817,-106.71020520516697,0.0,
-1.5378445646441954,3.0893314443470667,-87.26601212605074,0.0,
-1.5109889458017876,3.1301233155294197,-87.15195356657841,0.0,
-1.5792774865834889,-3.1543504210890267,-106.68341664948034,0.0,
4.472073469731879,3.2368109763573236,-99.04117355535291,0.0,
-1.545535751772552,3.1312025847967537,-87.22264989956825,0.0,
-1.598949133526408,-3.1464743523317695,-106.69011576082004,0.0,
-1.605170616252837,-3.1801979905232725,-106.35155502336002,0.0,
-1.5658470239301319,-3.095972928752976,-106.56818851730955,0.0,
4.749703318938612,3.1502279119682104,-106.43802161810001,0.0,
4.710980513369368,3.151069311038686,-106.75044918773085,0.0,
4.697321711184334,3.1687730336693463,-106.72811079140929,0.0,
-1.5198060870805064,3.144417660688635,-87.08624645975019,0.0,
-1.5547982744783908,-3.0932767788859747,-106.47661542849194,0.0,
-1.552735036782744,3.129315716369768,-87.20962430459969,0.0,
-1.4386285894327488,3.1360458834629528,-85.92048859733227,0.0,
-1.5724867360408485,-3.084207738976267,-106.46257870181422,0.0,
-1.5070398634380755,3.1084292188849054,-87.19164595882405,0.0,
-1.5112762992075597,3.151040552180206,-86.9650792292104,0.0,
4.795531599937668,3.0632471301088167,-104.43012557353322,0.0,
-1.5985066064813267,-3.1677074575832633,-106.53621054682235,0.0,
0.6545097073612184,0.9117911553770707,1.4872948395678323,0.0,
-1.4152530719195089,3.1357774332036907,-85.25444713309992,0.0,
4.616050356820929,-3.0983878807462757,-48.17593275579603,0.0,
-1.50729449563706,3.0903101258936343,-87.15320154926906,0.0,
4.747949498842746,3.156296538610924,-106.46107523588576,0.0,
4.034858726160379,3.3784350967502053,-60.67685854461856,0.0,
-1.5765448426085185,3.0959700906468983,-87.07587779280784,0.0,
-1.5740462933728747,-3.1452812534696353,-106.72422199467046,0.0,
4.668296719142499,3.1550053291842044,-106.61687822163223,0.0,
4.769495774131349,3.2001987630429385,-105.82387242102386,0.0,
4.691385609439284,3.172816660595796,-106.69716051106703,0.0,
-1.514145067836201,3.119868759505084,-87.22130984523106,0.0,
-1.6251228606565962,-3.1364933842044618,-106.50683580544911,0.0,
-1.5708904357441011,-3.1432225144572614,-106.72370809996305,0.0,
-1.633841914059766,-3.146495441049435,-106.36448734115665,0.0,
4.677183192004362,3.1610303461904032,-106.67710674357915,0.0,
-1.581456001256933,-3.141442511064102,-106.74723102509188,0.0,
-1.556599551586713,-3.116451137369794,-106.6494474618738,0.0,
-1.5280930651483589,3.0406341619613126,-86.69915443295051,0.0,
4.676935782442378,3.130570166819481,-106.61713533828353,0.0,
-1.613164552118032,-3.146604427404872,-106.59685226104874,0.0,
-1.5711827938241816,-3.137245156442474,-106.74114854200224,0.0,
-1.5776446917702185,-3.1402189302322436,-106.74800289123155,0.0,
-1.5760646799836007,-3.1365642215193046,-106.75390170624611,0.0,
-1.5352770504807156,3.117919835539377,-87.29569396190449,0.0,
-1.577815202227947,3.1233614884399112,-87.04316263180152,0.0,
-1.5849002265070895,-3.1138178063487647,-106.72636303640571,0.0,
-1.6356108163488827,-3.1609423638607757,-106.24770224235144,0.0,
4.710476866709828,3.1494524029335937,-106.75057208509301,0.0,
4.517086074997789,-2.5539385108787864,-20.288087583849865,0.0,
-1.5006279550632953,3.1068641110474835,-87.13472530868614,0.0,
-1.5972697933919595,-3.1617930940567307,-106.59732631464851,0.0,
-1.5816933886607778,-3.145649487370028,-106.73188882846506,0.0,
4.716892142817812,3.2344324759071785,-105.82927358318146,0.0,
-1.5878901601108457,-3.140366422963568,-106.74603995362891,0.0,
4.711624197550814,3.128374651456051,-106.66569734494828,0.0,
4.652610838878418,-3.0230788525249395,-47.908457323703146,0.0,
4.737136346065326,3.076259342598309,-105.77434190590401,0.0,
-1.4980864111204308,3.0961903684003578,-87.09142662478772,0.0,
4.712695468783501,3.152730518636537,-106.7458661360091,0.0,
-1.5684725275878595,-3.1069308701980565,-106.66491225902116,0.0,
-1.6305504762597554,-3.1705167073463096,-106.22537201536382,0.0,
4.681980135061446,3.1580928203066008,-106.71084100583113,0.0,
4.680628556719226,3.146521532317205,-106.70195267788233,0.0,
4.680671269503595,3.1850644075392487,-106.56501743311598,0.0,
-1.5333037966263872,-3.122675746737599,-106.42981885557704,0.0,
-1.5569937883301765,3.060834469497957,-86.96156709784708,0.0,
-1.5717239795543663,-3.1537507093057084,-106.67320046244073,0.0,
-1.5678382217446356,-3.1722337196325245,-106.49298780028307,0.0,
-1.5474022106582643,-3.1535311935745547,-106.52254483898462,0.0,
4.7013312571358385,3.150523299803984,-106.76372255305225,0.0,
4.6921911202810245,3.1613913876263062,-106.74382406637433,0.0,
-1.6432829742603805,-3.1213976632490192,-106.24256303378161,0.0,
4.665083706601067,3.14333270471079,-106.57538436040734,0.0,
-1.5716542240335762,-3.153692781896009,-106.67337178583938,0.0,
4.703367095983343,3.17048949708771,-106.7216007977305,0.0,
-1.5908573560553285,-3.166397004728324,-106.57516296912704,0.0,
4.3393342712222065,3.2712260756616227,-89.34035363902498,0.0,
-1.539462786222507,-3.1397093835370398,-106.50114653055643,0.0,
-1.6633314657399298,-3.082594461117194,-105.552721553936,0.0,
-1.5885726093943227,-3.117318042666536,-106.73575492354558,0.0,
-1.5886957957706032,-3.1272956191451486,-106.75740492738632,0.0,
-1.5979589815766615,-3.108467197519263,-106.6645043270777,0.0,
-1.5742582693050722,3.084877106960086,-87.04945238403454,0.0,
4.291654323274898,-2.9925818924997225,-33.00468797742313,0.0,
4.703965623225019,3.1702867689283942,-106.72215868726431,0.0,
-1.6012643579965553,-3.1498179762629634,-106.66246128749313,0.0,
4.690753588292427,3.149197840270177,-106.74815185911628,0.0,
-1.528299720998615,-3.1003046197250415,-106.2470732773611,0.0,
-1.590026264960028,-3.1153363333627393,-106.72526534192721,0.0,
-1.5340678484519243,-3.121323519432053,-106.4370394042285,0.0,
-1.547113953284636,3.0940907367872916,-87.27183459040785,0.0,
-1.524777960620998,3.128844712893593,-87.22950117029438,0.0,
-1.610820725607964,-3.0983659727450306,-106.51094013112,0.0,
4.6303966420707265,3.228141896924739,-105.30886180050605,0.0,
-1.601406567629514,-3.141976065931015,-106.695149004669,0.0,
