-1.5820576220157698,-3.12985871583696,-106.76451514046558,0.0,
4.701248955548847,3.152711209830479,-106.76452374100202,0.0,
-1.641845952771243,-3.181946008029897,-105.91774231449212,0.0,
-1.6180509199520454,-3.0950980344391175,-106.41658890564199,0.0,
4.699477288227537,3.1576865138170236,-106.7610893452858,0.0,
-1.582136539677673,-3.130243027902039,-106.76453674298203,0.0,
-1.5188894736414196,-3.216403354693406,-105.18986146251713,0.0,
-1.539747165546607,-3.1449767834693914,-106.48651218410325,0.0,
4.701710125897019,3.1524754700571394,-106.76444557488348,0.0,
-1.5818237779184954,-3.130081308310134,-106.7645191618884,0.0,
-1.5824046269374874,-3.129702651095304,-106.76448633270135,0.0,
-1.5606065016675654,-3.214737056942549,-105.71960041560374,0.0,
-1.5365095441089092,-3.0678983630598458,-105.95421985597693,0.0,
4.701182101525761,3.152819531235494,-106.76453211940598,0.0,
-1.5818074045002208,-3.1295616697602258,-106.76445731418495,0.0,
-1.6107787477957407,-3.1100201666081833,-106.59496243514653,0.0,
-1.5823130097759424,-3.1299350863316224,-106.76451928816793,0.0,
-1.5822041570627783,-3.1310201738470087,-106.76445414617643,0.0,
-1.5816136372367415,-3.1301704861780992,-106.7644976496626,0.0,
4.641831791059458,3.126557513413044,-106.19331210387021,0.0,
-1.6153110583798485,-3.1117942504268434,-106.56598740929498,0.0,
4.7008772980666365,3.1528920026590486,-106.76453268929103,0.0,
4.70094150478371,3.1529125387506562,-106.76453524298189,0.0,
-1.5825096179935518,-3.1303189322697706,-106.76451753858247,0.0,
-1.5821799613150742,-3.130230691481861,-106.7645365162905,0.0,
-1.6098702253516688,-3.1163144647244323,-106.6317836844694,0.0,
4.689473297170774,3.1660398859022267,-106.72231344715391,0.0,
-1.5826537495088249,-3.1308323995264207,-106.76445426868747,0.0,
-1.5828741828111652,-3.130193340994691,-106.76446267159483,0.0,
4.701575871004765,3.153071742617751,-106.76449545806814,0.0,
4.701389773117071,3.1530868088715422,-106.76451731996606,0.0,
-1.581623620695876,-3.129585543589599,-106.76444040529015,0.0,
-1.610766638866279,-3.133457287511409,-106.65096509538431,0.0,
-1.5816795974789022,-3.1301548174755047,-106.7645062729685,0.0,
4.701009014095842,3.1531463246334557,-106.7645306423691,0.0,
4.701002501355582,3.1533897536723297,-106.76450851370495,0.0,
4.700311776723505,3.1535704090521848,-106.76440752070049,0.0,
-1.5822801426087385,-3.1302198808440425,-106.76453402756775,0.0,
-1.58200967937158,-3.1302851927791435,-106.76453412515376,0.0,
4.729580830618222,3.228466663257266,-105.88031780968838,0.0,
-1.5826260008106592,-3.1308342945410477,-106.764457727872,0.0,
-1.5827667298256005,-3.130508603761907,-106.7644740661474,0.0,
4.700680094616043,3.1536292738440945,-106.7644526075296,0.0,
4.701039772212996,3.152283637540887,-106.76447783592539,0.0,
-1.5828712175352653,-3.1299402729067163,-106.76445039361934,0.0,
-1.5852886255134806,-3.135395313993964,-106.75956626224304,0.0,
4.686056353625796,3.114076057263494,-106.52738054332232,0.0,
-1.5828703352685831,-3.130072459051043,-106.76445948982548,0.0,
4.701394951501434,3.152893866066963,-106.7645194403695,0.0,
-1.5817604232590408,-3.13012637955852,-106.76451482523409,0.0,
4.718568345142085,3.152068895304429,-106.72218920415915,0.0,
4.700856568880425,3.1526441040234854,-106.76452016778781,0.0,
-1.5814439406063558,-3.129673419311119,-106.76442538487336,0.0,
-1.581897204305244,-3.130356635778272,-106.76452679538525,0.0,
4.685488246391789,3.129104272685802,-106.65399223461607,0.0,
4.7009687750889535,3.152458648884995,-106.76450442579454,0.0,
-1.5964113251414962,-3.0810771162142174,-106.40475878623921,0.0,
-1.5822274003001369,-3.1300208178250064,-106.76452869833014,0.0,
-1.5374882645726646,3.1078416506260536,-87.31076921107632,0.0,
-1.5650639190919644,-3.149316800585175,-106.67381475644962,0.0,
-1.536461398604833,3.107398572551037,-87.31087670419012,0.0,
-1.5370046778642072,3.107549418024589,-87.31086558852695,0.0,
-1.5364634064704585,3.1070191651591323,-87.31085082861614,0.0,
4.701106827682419,3.152730006977749,-106.76453019406227,0.0,
-1.5810826769438355,-3.1348382195126643,-106.76147640628724,0.0,
-1.5369717114708492,3.1075589738348555,-87.31086827003166,0.0,
-1.5817734420098462,-3.129897612251658,-106.76450156981448,0.0,
-1.5823086930996353,-3.1301139783096446,-106.76453047348488,0.0,
-1.5698768823754106,-3.119260038830198,-106.72755344974523,0.0,
-1.5824637066158456,-3.1298861888210006,-106.76450445728975,0.0,
4.710590630972784,3.1310282402844205,-106.68560918248733,0.0,
4.715782234104555,3.1374945497642686,-106.70144413202179,0.0,
4.723527500198487,3.1605247415171043,-106.68748886783844,0.0,
4.7013968400094175,3.153093701319282,-106.76451635942827,0.0,
-1.581801439693813,-3.130211738269313,-106.7645206535386,0.0,
4.72512087839834,3.147019699476457,-106.6797546569874,0.0,
-1.5373729204969648,3.107400612370514,-87.3108134636862,0.0,
-1.503850437572352,-3.0669809579877185,-105.39085848926145,0.0,
-1.581664904170524,-3.1297323557231165,-106.76446957563518,0.0,
-1.6023581927223258,-3.117311877068996,-106.68501742294448,0.0,
-1.5818889384257233,-3.1296237954534303,-106.76447492555808,0.0,
-1.5888336022378593,-3.1174091763192635,-106.73560174296816,0.0,
-1.5761881501497044,-3.1237434612928543,-106.7539326470047,0.0,
4.701474709446139,3.152622086393212,-106.76449714059953,0.0,
-1.5820386533477868,-3.130346829154569,-106.7645338823407,0.0,
-1.586226470051552,-3.1110924906823474,-106.71175724400648,0.0,
4.700402544093173,3.1531767071059553,-106.76447228675462,0.0,
4.6863924187792465,3.168386721010573,-106.70190259105088,0.0,
-1.591522449868766,-3.083160818827152,-106.44839145634019,0.0,
4.700867427825347,3.1529247122573443,-106.76453248684358,0.0,
-1.5822965073055246,-3.1296517629798215,-106.76448465845738,0.0,
4.6798164862132605,3.1960804005783148,-106.44644097602716,0.0,
-1.58236100652606,-3.130499996137598,-106.76452147160396,0.0,
-1.58274274655896,-3.130128780293336,-106.76448514944356,0.0,
-1.5368523463313786,3.1077046930436687,-87.31086949475227,0.0,
-1.5904188851094045,-3.1515469650017085,-106.69312262914474,0.0,
4.7005099745121175,3.1528328821307188,-106.76449627671677,0.0,
-1.56155431607724,-3.178392631218588,-106.38588739040948,0.0,
4.701003480062663,3.152038990909133,-106.76442544285894,0.0,
4.700689445719342,3.1527405145013083,-106.76451431545695,0.0,
4.701176230268483,3.153729057998156,-106.7644486651747,0.0,
-1.581414385368829,-3.1299244235680033,-106.76445015967766,0.0,
-1.5823231507726592,-3.1306235509943336,-106.7645128830007,0.0,
-1.5822143932123067,-3.1306522961154633,-106.76451350112839,0.0,
4.674521260381413,3.14954641877578,-106.66667336099458,0.0,
-1.5361212054901134,3.107467988614662,-87.31084276111653,0.0,
-1.5773112204678068,-3.12395521220644,-106.75595281844952,0.0,
4.701071133875161,3.153645926309614,-106.7644679319824,0.0,
4.664640452793192,3.1088053517403362,-106.31886317278607,0.0,
4.681663327594439,3.177545622163067,-106.62910987572508,0.0,
-1.5821866730551077,-3.131005996985041,-106.76445735933453,0.0,
4.70163396648902,3.1523113193618593,-106.76443402939637,0.0,
-1.5827637706072826,-3.129836460580124,-106.7644600443905,0.0,
4.719952901200527,3.162120235216364,-106.70415840906593,0.0,
-1.5826244328330783,-3.1303920997189,-106.7645020358657,0.0,
-1.5487357255439167,-3.087608255186203,-106.36527591538774,0.0,
4.701928276690217,3.1502179068687854,-106.76340747367223,0.0,
-1.626563593718184,-3.194859425081406,-105.9282964726279,0.0,
-1.6110883111434928,-3.1266926107593935,-106.64774671760549,0.0,
-1.5651558648400874,-3.1142281076857876,-106.69020038005476,0.0,
4.7009243744907785,3.1528848333943076,-106.76453442851705,0.0,
-1.5821889710451917,-3.1304958514098544,-106.76452795018089,0.0,
-1.552338995309566,-3.066590527074938,-106.09346193533601,0.0,
-1.5669294558986937,-3.0899379011444825,-106.5114632235016,0.0,
4.7005231331257695,3.153200410313554,-106.76448991583271,0.0,
-1.612087134081896,-3.1466890153341343,-106.60543125921377,0.0,
-1.5827243504729382,-3.1305735757363835,-106.76447588985555,0.0,
-1.5575115495781469,-3.141987408570503,-106.6616298031968,0.0,
-1.5822479161431828,-3.130483716072161,-106.76452755122521,0.0,
4.701083616557432,3.153403883137538,-106.76450680832207,0.0,
-1.5825636867540633,-3.129528151780438,-106.76444080599447,0.0,
-1.5816854007322252,-3.1234904412519575,-106.7582451180092,0.0,
-1.5370029606186015,3.107380860808875,-87.31086612619012,0.0,
4.7017485168830895,3.1534893655353655,-106.76442746151272,0.0,
4.70114404383046,3.152328756121124,-106.76448415324636,0.0,
4.715257386437665,3.1377620035003506,-106.70468246722986,0.0,
4.70054408892732,3.152729594400858,-106.76449674411289,0.0,
4.679374307165035,3.2520209643819826,-105.36704612965748,0.0,
4.719118261111588,3.163753411660375,-106.70396159163468,0.0,
-1.5822787663757092,-3.130269610770617,-106.76453412086326,0.0,
-1.5366881365770366,3.107370749071791,-87.31088158879456,0.0,
-1.536198535887582,3.1071490037694933,-87.31084006244069,0.0,
4.682219952855068,3.174874058299455,-106.6491705845219,0.0,
-1.5884756966389133,-3.0954934862208217,-106.59315411276961,0.0,
-1.5824131262139578,-3.1304047348866737,-106.76452332062881,0.0,
-1.5817254988215363,-3.130470453086042,-106.76450584435256,0.0,
-1.5956415696701138,-3.132102180815062,-106.73909642019282,0.0,
4.70095465081582,3.153175874994743,-106.76452789250459,0.0,
-1.5815799779972752,-3.1299645829570424,-106.76448269430051,0.0,
4.701313443798047,3.152831884018668,-106.76452509330532,0.0,
4.701273631005308,3.152918205692719,-106.76452938453326,0.0,
4.701732278643927,3.152823370443552,-106.76446952770534,0.0,
-1.576505355408316,-3.1172843582594183,-106.73724622741165,0.0,
4.685968361590044,3.1467910045508667,-106.72833167972989,0.0,
4.701401440370409,3.1534366667723472,-106.76448536672906,0.0,
4.737126170518655,3.1511055614524537,-106.58501844300804,0.0,
-1.5815427470596732,-3.130329285385046,-106.7644863551367,0.0,
-1.559152309763101,-3.133862853401386,-106.68992855732756,0.0,
-1.5881293018251816,-3.1153068859501363,-106.7288095818885,0.0,
-1.5555969813916937,-3.12014637412696,-106.65421915136993,0.0,
4.762481700412848,3.1509895043944023,-106.24570353130471,0.0,
4.700912193113244,3.152896527301758,-106.76453416262167,0.0,
4.692760687323958,3.1818245689762055,-106.640291235955,0.0,
4.700753742828337,3.1526982029474744,-106.76451744698613,0.0,
-1.5818399086111357,-3.130717019545348,-106.76449354561626,0.0,
4.6554000461210645,3.135956334892052,-106.44137635140031,0.0,
-1.536824870673588,3.1069742501630637,-87.31084722135361,0.0,
-1.5823980034372824,-3.1308078650446878,-106.7644847912943,0.0,
-1.5978789485193983,-3.152774287501272,-106.66150390103216,0.0,
4.689408873586253,3.1648931212299516,-106.72607387683932,0.0,
4.701802070534323,3.152894276665531,-106.764457284397,0.0,
-1.58209641933951,-3.1303749381851214,-106.76453419467973,0.0,
-1.58224800449156,-3.130211007579013,-106.76453502732426,0.0,
-1.5430387192700332,-3.158400845683564,-106.44328971097012,0.0,
-1.5825162550168623,-3.1302792947362477,-106.76451740430696,0.0,
4.654548287064694,-3.0843510405140684,-48.40597111943677,0.0,
4.701067928261925,3.15283928320674,-106.76453530755231,0.0,
-1.5818710666664644,-3.1305984475484596,-106.7645094788173,0.0,
-1.5825677121919017,-3.1300305415824505,-106.76450526963401,0.0,
4.701060744232933,3.153268306496823,-106.76452177559698,0.0,
-1.582319925450555,-3.129736827152019,-106.76449650507,0.0,
-1.5814781799613515,-3.1302579543262503,-106.76447614730179,0.0,
4.701590343190224,3.1532545767012814,-106.76448222379831,0.0,
4.723923756105072,3.149891493207579,-106.69116512402006,0.0,
4.700317125424094,3.1530094132616697,-106.76446355146504,0.0,
-1.5823335057609835,-3.1296823432396264,-106.76448774110952,0.0,
4.701424162793854,3.1527327963169176,-106.76451083790755,0.0,
-1.5858790074393703,-3.1139648242440643,-106.72612037979346,0.0,
-1.5820719977423845,-3.130643794051397,-106.76451436716204,0.0,
-1.582833634393551,-3.1303426072791365,-106.7644699369495,0.0,
-1.5821935903883135,-3.130229594694991,-106.76453634372618,0.0,
-1.5822682459765343,-3.129708309516808,-106.76449459879835,0.0,
4.701223585711239,3.14600044912384,-106.75791520252282,0.0,
-1.5821804098415124,-3.1219754438658853,-106.7551412637428,0.0,
-1.582183035255869,-3.130143148341944,-106.76453503566394,0.0,
-1.5644890158077027,-3.0900799847704095,-106.50219874557386,0.0,
4.700791698473369,3.1533432681241864,-106.76450536021416,0.0,
-1.5740794447728441,-3.1362657930048603,-106.75052965487683,0.0,
4.701653878794864,3.152949598432456,-106.76448550039586,0.0,
4.694203128905415,3.1747896984473356,-106.69233384210413,0.0,
-1.582090242533897,-3.13014797275848,-106.76453504687599,0.0,
4.691602555669764,3.2078990922358352,-106.33865592157092,0.0,
-1.582236629032077,-3.130581533524314,-106.76452019256726,0.0,
-1.582805687922399,-3.130294765012835,-106.76447601677275,0.0,
-1.594417234594688,-3.117227421437939,-106.72028469753788,0.0,
4.701767891161775,3.1524473463390392,-106.76443075136181,0.0,
-1.5820992908161158,-3.1297225978270955,-106.7644987909288,0.0,
4.665322014350133,3.1758217657539354,-106.51651283817036,0.0,
-1.5815890591242052,-3.130318071418044,-106.7644939445676,0.0,
4.719027748149683,3.1322942715543283,-106.66076144986084,0.0,
-1.582233007282964,-3.1305953671788114,-106.76451898625585,0.0,
4.700886496348789,3.1529856242647667,-106.76453305947133,0.0,
-1.5821356816701357,-3.1298056226308777,-106.76451001029905,0.0,
4.708702782932659,3.1549222379303554,-106.75596370251,0.0,
-1.5379731288529448,-3.1418613497698877,-106.47693346037977,0.0,
-1.5367036651543873,3.1077041245528925,-87.31087427492476,0.0,
4.701722922918103,3.1527479994734784,-106.76446802492819,0.0,
-1.6165264926658982,-3.050383810378249,-105.73108795126475,0.0,
4.711160588734044,3.1599499331678182,-106.74385736038973,0.0,
-1.5816240388347824,-3.130122093011775,-106.76449785612424,0.0,
-1.581955458799031,-3.1300971762688334,-106.7645289384129,0.0,
4.925410809759269,2.9376196829997534,-94.05655843320827,0.0,
-1.5815516310686761,-3.1557501844663323,-106.67506083892702,0.0,
4.708200405857316,3.104159239270641,-106.42995766429965,0.0,
4.700935268862706,3.152678791777544,-106.7645259391996,0.0,
-1.582100086426697,-3.1301850194412033,-106.76453598653369,0.0,
-1.5988367318934467,-3.1284386117423546,-106.72578086141381,0.0,
4.701167297960204,3.1532472336370407,-106.76452161185402,0.0,
-1.5819423026531545,-3.1301650430458055,-106.76453037445091,0.0,
4.714060012901989,3.150324553016613,-106.7402439038997,0.0,
-1.577332704861782,-3.1105180010023705,-106.70813646545228,0.0,
-1.5814677606092888,-3.130309513439787,-106.76447364038778,0.0,
-1.5901185451685875,-3.096697168684635,-106.60108497626388,0.0,
-1.5826499164222985,-3.1300353062395927,-106.76449498064974,0.0,
-1.6109580975052387,-3.1397015415314806,-106.63894207178329,0.0,
4.716114253382024,3.1490411759062824,-106.73111549335398,0.0,
4.701272593588517,3.1528038529390026,-106.76452696491307,0.0,
-1.5940662260925622,-3.1255216210585086,-106.74184358909324,0.0,
4.692910303564757,3.1882410122548475,-106.58420171836872,0.0,
-1.5821695263218287,-3.1297105102801255,-106.76449710772035,0.0,
4.701270319903079,3.152306201395478,-106.7644744529169,0.0,
-1.5821173261752537,-3.1296407243018267,-106.76448623184092,0.0,
4.700869125160725,3.1529771750536697,-106.76453237128632,0.0,
-1.582412274382855,-3.1300751601415153,-106.76452258994519,0.0,
-1.5822055197321303,-3.1300946793335083,-106.76453300020077,0.0,
-1.5826985400165368,-3.130233222766606,-106.76449418643853,0.0,
-1.5865737791166954,-3.1147208630926855,-106.72862453345846,0.0,
-1.5697728517643914,-3.1256982836705762,-106.74077876850117,0.0,
-1.5824274761124029,-3.12974137199058,-106.76449019361341,0.0,
-1.5827999394686225,-3.129820304084933,-106.76445178105048,0.0,
4.700770367685674,3.1527840076356433,-106.76452333137367,0.0,
-1.5818778416582315,-3.1307996838885486,-106.76448487158748,0.0,
4.684056655713317,3.1513021261981047,-106.7246238959174,0.0,
-1.5799473694525905,-3.1320212427030767,-106.76343472331756,0.0,
-1.5827918514832486,-3.130940414765432,-106.76441354903126,0.0,
-1.5818680273420316,-3.129935729037706,-106.76451329638695,0.0,
-1.5823214322098669,-3.130198681396047,-106.76453200012557,0.0,
-1.607887420776643,-3.1462668975186787,-106.63918008057512,0.0,
-1.5365155955587186,3.106853254757367,-87.31082963393949,0.0,
-1.5817714651355765,-3.1300374939631044,-106.7645120018544,0.0,
-1.5767290703154861,-3.1180168237244836,-106.74010475958187,0.0,
-1.5828017300505524,-3.130168675468772,-106.76447605170796,0.0,
4.662393251912231,3.142648855662893,-106.54618164143963,0.0,
-1.5363793778214363,3.107244041301734,-87.31086541664769,0.0,
4.695665352827972,3.177903515843937,-106.67484160829595,0.0,
4.744218299841814,3.1408633541921116,-106.48733385471657,0.0,
4.767541805172602,3.1455219421510243,-106.14929161480984,0.0,
-1.582626534323798,-3.1296616720570203,-106.76445693676894,0.0,
-1.5821270472350877,-3.130197283498116,-106.76453638239364,0.0,
4.701049634632021,3.152879049165455,-106.76453625709081,0.0,
-1.5819708440404154,-3.1295300887795614,-106.76446238916053,0.0,
4.669665115359212,3.124438721771964,-106.51977842421839,0.0,
-1.5825385178635694,-3.130693981379318,-106.76448804235639,0.0,
4.70129260383281,3.1528924275768553,-106.76452788517913,0.0,
-1.6156977706972233,-3.1080890055650694,-106.5416195910578,0.0,
4.683105611756455,3.145656653373455,-106.7133496748356,0.0,
4.700298915737369,3.1527285989888783,-106.76445491498919,0.0,
-1.5691063360576742,-3.128000981614669,-106.7405470737866,0.0,
4.682700611339492,3.1638731599152026,-106.70158213738296,0.0,
-1.6206201761258248,-3.1354064251797023,-106.55849661430676,0.0,
-1.5372470735962724,3.1080963364690697,-87.31078008398924,0.0,
-1.5820819074942933,-3.130945573962025,-106.76446908745764,0.0,
-1.5822917291522456,-3.1301593996424177,-106.76453260183085,0.0,
4.70072504372658,3.1528872480797574,-106.76452252048874,0.0,
-1.5747038969984923,-3.1094785446924447,-106.6980571976436,0.0,
-1.5822969205028152,-3.130078870272421,-106.76452953497281,0.0,
-1.5819326887592273,-3.130636958282261,-106.76450964925787,0.0,
4.701390219491856,3.152995892897932,-106.76451978527095,0.0,
4.700536675100634,3.1526342006344543,-106.76448909122358,0.0,
-1.582428992088083,-3.1303096356367224,-106.76452494098432,0.0,
-1.5845836921853973,-3.1413551109871802,-106.74681336129515,0.0,
4.701173975833056,3.152546412459531,-106.76451317727809,0.0,
4.701054707136011,3.1530042704665187,-106.76453613813949,0.0,
4.700398270254185,3.1528247628335837,-106.76447798838834,0.0,
4.7109672531044575,3.151983056546545,-106.75085792520129,0.0,
4.700779017373563,3.152620870049889,-106.76451346920473,0.0,
-1.5818323314599878,-3.129708093164521,-106.76448401735986,0.0,
-1.5899219508723061,-3.1263064478890454,-106.75403416603768,0.0,
-1.5373389043007104,3.1068481732151105,-87.31077005104463,0.0,
-1.5820710551618375,-3.1301367226325363,-106.76453440487612,0.0,
-1.5825843036773375,-3.1303388384819737,-106.7645088111514,0.0,
-1.5816989705959208,-3.1296302769494884,-106.76445807792366,0.0,
-1.591011212367691,-3.139545504533471,-106.74201449079553,0.0,
-1.5865164587348861,-3.141051968873481,-106.74595662890144,0.0,
4.701653747724683,3.152856194881072,-106.76448449763586,0.0,
-1.6101493018199369,-3.1072896492400455,-106.58357854272799,0.0,
4.701548022560057,3.153080992121839,-106.76449907943555,0.0,
-1.6259608022463932,-3.1314958398806994,-106.50165225049656,0.0,
-1.5700434160748298,-3.15068054776986,-106.6865367405114,0.0,
-1.5825523802422818,-3.1299637660510706,-106.76450240289995,0.0,
4.70113413310654,3.1533531521775564,-106.76451206551452,0.0,
4.70044147713601,3.1525947605405342,-106.7644711909124,0.0,
-1.5366889718252763,3.1074186478876813,-87.31088241884117,0.0,
4.715256005161049,3.1685284411920644,-106.70385081045433,0.0,
-1.582525105497269,-3.1302239767147615,-106.76451651676598,0.0,
-1.5816972471208908,-3.129802831386562,-106.76448285892987,0.0,
-1.5824362656112243,-3.13080124463033,-106.76448295331514,0.0,
4.702273486313206,3.055669286037837,-105.47065748182223,0.0,
-1.567222293641153,-3.140565203129152,-106.71900453427963,0.0,
-1.5824114568525662,-3.129876554149411,-106.76450776221233,0.0,
4.708160778463716,3.1518024071371977,-106.75738201811724,0.0,
4.700751027259171,3.1525698498974606,-106.76450656641472,0.0,
-1.5822957776556554,-3.1305070469895746,-106.76452428157712,0.0,
-1.5827918646965091,-3.1299575627831184,-106.76446690691196,0.0,
-1.582325568351575,-3.1307311457728737,-106.76450007391176,0.0,
-1.5644246541046574,-3.132555619756122,-106.72057804930246,0.0,
-1.581784448233229,-3.1310202891686982,-106.76443643706651,0.0,
-1.5818920640864425,-3.1302088006910562,-106.76452797539035,0.0,
4.692260510012575,3.1602702713997473,-106.74644105108386,0.0,
-1.5822128914819789,-3.130421943106655,-106.76453187243828,0.0,
-1.5821987739706207,-3.130285813054622,-106.76453610445087,0.0,
4.701421559632923,3.1531259095799755,-106.76451238833604,0.0,
4.6880271864701495,3.163257498474197,-106.7264088551357,0.0,
4.741951982588742,3.2008972767307204,-106.22419011879362,0.0,
-1.5840254206707987,-3.1100128304776598,-106.7078062884466,0.0,
-1.5818528810226598,-3.1296961598110853,-106.76448390818804,0.0,
-1.5820526477443728,-3.1302565038772396,-106.76453563349752,0.0,
-1.5368644575322072,3.107846474534133,-87.31085654348496,0.0,
-1.5816186607571747,-3.129839559655717,-106.76447672855761,0.0,
4.700894415194426,3.15315772171826,-106.76452704584663,0.0,
4.701414536387877,3.1534614826751084,-106.76448060334315,0.0,
-1.5821846945780442,-3.130050548933431,-106.76453119353549,0.0,
4.701394436406944,3.152988149987742,-106.76451948970943,0.0,
4.731822159611363,3.139619089732926,-106.60912983821913,0.0,
4.7050300323758405,3.1757905812114755,-106.69089456557664,0.0,
-1.5816084183556007,-3.1302360620242133,-106.76449760499288,0.0,
-1.5660216117443957,-3.118841543008348,-106.71132403577367,0.0,
-1.5822816009400196,-3.1300618663447386,-106.76452933017296,0.0,
-1.5891218283008248,-3.131956049294784,-106.75746837763677,0.0,
-1.5827269451209347,-3.129542886388903,-106.76442090649827,0.0,
4.71112226871022,3.165445046980742,-106.7293492768745,0.0,
4.723460848085382,3.1435151426120873,-106.68283676333887,0.0,
-1.5825615094017493,-3.1309127645294907,-106.7644522069166,0.0,
-1.5824050465656225,-3.1296559323653823,-106.76447899371946,0.0,
-1.5819945875621944,-3.1300103404781763,-106.76452614327194,0.0,
-1.5824659189420172,-3.130712386611904,-106.76449286446004,0.0,
4.700789991583372,3.1529105991042883,-106.76452785306847,0.0,
4.700849282108153,3.1527694709373346,-106.76452772554747,0.0,
-1.5777398520028598,-3.1348475155582625,-106.75892571597917,0.0,
4.701104235517873,3.1525660874828123,-106.76451713830318,0.0,
4.70080402955423,3.1530989278492942,-106.76452528554947,0.0,
4.701502226394774,3.152799187465587,-106.7645050028851,0.0,
-1.6022368797130275,-3.1635135356315054,-106.55841283462642,0.0,
4.694595161105184,3.149507808615433,-106.75725272555015,0.0,
4.734743786409581,3.119374944732508,-106.45138710317042,0.0,
4.699516243685607,3.144268780648639,-106.7539133966259,0.0,
-1.5823944203740186,-3.1300883342873167,-106.76452448093862,0.0,
-1.5826012766165491,-3.130117691216639,-106.7645053892166,0.0,
-1.536838141058326,3.1088927916610443,-87.31059753842015,0.0,
4.696857025943618,3.170355740778782,-106.72036221944103,0.0,
-1.582052045940547,-3.129941893750689,-106.76452291484384,0.0,
4.745696838579819,3.179228146822541,-106.39831519675339,0.0,
-1.5517833115930462,-3.1467199554956258,-106.5995651137774,0.0,
4.739647431881416,3.173370371329504,-106.50411342926179,0.0,
4.674668898785299,3.1699459093530598,-106.62865571025183,0.0,
4.703675166693658,3.126107057470834,-106.66449314251827,0.0,
-1.582556617061779,-3.1298345955867584,-106.76448947976418,0.0,
4.700280404469884,3.1422300924483872,-106.74871409524627,0.0,
4.695354455979983,3.1831282049616743,-106.63484694115105,0.0,
-1.5815519274655583,-3.1307940153602956,-106.76444712020066,0.0,
4.701532259502207,3.1533308844666457,-106.76448310375201,0.0,
-1.6452802761818264,-3.142858596779889,-106.20019497193921,0.0,
4.7005102330013795,3.1533906021873612,-106.76446919157152,0.0,
-1.5823187483532049,-3.1305000976183774,-106.76452373918679,0.0,
4.705389374461824,3.1736998354069583,-106.7029788976825,0.0,
-1.5360354265926355,3.107543173784182,-87.31082820147081,0.0,
-1.5829164084852732,-3.129666983380317,-106.76440734815672,0.0,
4.701160192029554,3.152170263102642,-106.76445360954708,0.0,
-1.6006479677860193,-3.0962208188918874,-106.557812435833,0.0,
4.701040801916421,3.1534125157252313,-106.76450587999861,0.0,
4.701177065044924,3.1531949356255606,-106.76452531816054,0.0,
4.701065608507098,3.1536457244091802,-106.76446800193656,0.0,
-1.582646613890438,-3.129889041956376,-106.7644838598436,0.0,
4.701009537368405,3.152696668140873,-106.76452857548803,0.0,
-1.582164644426322,-3.129923057206326,-106.76452226721376,0.0,
-1.582172364412321,-3.1299306416850614,-106.76452287368943,0.0,
-1.5821065909990804,-3.129885686599989,-106.7645186857626,0.0,
-1.5910632258820705,-3.1296436894074713,-106.75354840252412,0.0,
4.678714886613738,3.1558303217135264,-106.69487833701487,0.0,
4.700377957867296,3.1533365327486793,-106.76445368984179,0.0,
-1.5820129390345126,-3.129943782209965,-106.76452191670914,0.0,
4.700728658923703,3.1527341237394233,-106.76451755030531,0.0,
-1.5822272436139952,-3.1298654266106656,-106.76451571112241,0.0,
4.701224944573235,3.15304992851819,-106.76453054178977,0.0,
4.742594859452791,3.21579881444691,-105.99374472876525,0.0,
-1.5860882300360215,-3.134423211737193,-106.76003347778229,0.0,
-1.5824989532951967,-3.12957509851635,-106.7644568163858,0.0,
4.7466029698868475,3.1691877554232115,-106.44469912618783,0.0,
4.701147981364182,3.153505624742115,-106.76449117133097,0.0,
-1.5364825195878375,3.106728837484783,-87.31080542957208,0.0,
-1.5820899013768046,-3.1305972743835153,-106.76451946387267,0.0,
-1.5821068824432225,-3.1301348934942927,-106.76453486532225,0.0,
-1.5822794392084247,-3.129820964095528,-106.76450913594043,0.0,
-1.5552067532645752,-3.1138042800222627,-106.62860820311076,0.0,
-1.5827329741695324,-3.1310269799578316,-106.76440607496477,0.0,
4.786918710859747,3.1585333794137447,-105.75160561974027,0.0,
-1.5367162676410884,3.1081314301678264,-87.31082055163859,0.0,
-1.5814204365342661,-3.1308565995177684,-106.76441324336403,0.0,
-1.5823588895792098,-3.1300635899335196,-106.76452560898585,0.0,
-1.5828540299879374,-3.1295156689984163,-106.7643926937959,0.0,
4.700968828521241,3.1527161794551284,-106.76452923257338,0.0,
4.684527465213082,3.1048307438945213,-106.41087690836844,0.0,
-1.58239182507572,-3.1309079824572783,-106.76446845097868,0.0,
-1.5821571959068859,-3.13048720846038,-106.76452878552863,0.0,
4.712454011023464,3.1497831858250676,-106.74520321772613,0.0,
4.691217139033961,3.1491520418364773,-106.74938193037313,0.0,
-1.5827543427128599,-3.1297577624975714,-106.76445183304202,0.0,
4.700863193399502,3.153224776673251,-106.76452094305851,0.0,
4.651852090832829,3.1657227161930224,-106.41010162439896,0.0,
-1.560956220910064,-3.108441932571733,-106.63854195503643,0.0,
4.684581929946729,3.161243982555183,-106.71762068469963,0.0,
-1.582628035291596,-3.130659978933119,-106.76448125827754,0.0,
4.70163778790983,3.1531448182204795,-106.76448255989135,0.0,
-1.5827395163224107,-3.1279158766133692,-106.76373871395798,0.0,
-1.5819361704883785,-3.130166027260191,-106.76453005508037,0.0,
-1.5814639075440913,-3.1303882992595073,-106.76447060966723,0.0,
-1.592791716980772,-3.130654314235601,-106.74895096221691,0.0,
-1.5439618777455029,-3.1105912436197407,-106.5127687852456,0.0,
-1.6007171971793408,-3.148030722437809,-106.67437648761566,0.0,
-1.5817797470415194,-3.1297865880700266,-106.76448993210371,0.0,
4.700951301546727,3.1532566257245307,-106.76452163143134,0.0,
4.701641355998618,3.1532081781393595,-106.76447790721306,0.0,
4.689008181585385,3.1778131260060514,-106.6592504482701,0.0,
4.701334732100587,3.1527974747644314,-106.76452225533875,0.0,
4.687849730508298,3.128424851949669,-106.65869704593408,0.0,
-1.5816335631657774,-3.1306189681250287,-106.76448181415306,0.0,
-1.5826442998272985,-3.1304760424807245,-106.76449511768652,0.0,
-1.5824136647194702,-3.130184067191036,-106.76452605009179,0.0,
4.694927558082959,3.151011344656338,-106.75891292011515,0.0,
-1.5819854918890992,-3.1296506019791406,-106.76448472762748,0.0,
4.709151152760962,3.198618647567443,-106.47070161743108,0.0,
4.700953804994992,3.153557060442333,-106.764482984881,0.0,
-1.5816061577467135,-3.130453933629236,-106.76449116748229,0.0,
4.700778271210731,3.1535516752736417,-106.76447514721569,0.0,
4.700541253414732,3.1532696893244077,-106.76448675666293,0.0,
-1.5816521277668254,-3.13006403438067,-106.76449934271966,0.0,
4.708715403468258,3.1641222980683166,-106.73944252573224,0.0,
-1.5739244544459217,-3.087733277025406,-106.50852667315509,0.0,
4.743463868050351,3.146542724142586,-106.51111949075464,0.0,
-1.5822384502888889,-3.1300400069695224,-106.76452956241944,0.0,
-1.5936938059434467,-3.162210855878743,-106.6065504114292,0.0,
4.685394581338977,3.119017998121142,-106.57388710086708,0.0,
-1.5823065524590794,-3.1297556348775233,-106.7644997394711,0.0,
4.712130423003034,3.1453561323061217,-106.73957600097344,0.0,
-1.5822516703967138,-3.1308850532806325,-106.76447927408275,0.0,
-1.58215587267563,-3.1304241606292273,-106.76453240689187,0.0,
4.701069293558886,3.153303808618096,-106.76451834136424,0.0,
-1.5819378448110437,-3.130156894801594,-106.76452993869054,0.0,
4.6777479527168415,3.1464439587631086,-106.68459736938469,0.0,
-1.5366366680297276,3.1074941026686265,-87.31088247347418,0.0,
-1.582837448520544,-3.130905334771161,-106.76441165517235,0.0,
4.700944586778548,3.152350487669087,-106.76448802659779,0.0,
-1.582379013888876,-3.1307705464682174,-106.76449160030171,0.0,
-1.5366826335401376,3.1071597006287934,-87.31087048177876,0.0,
4.69482970151326,3.1440485209938633,-106.74848213469771,0.0,
-1.500562380465792,-3.1782001050709168,-105.52981930442928,0.0,
-1.5369639673071358,3.1071026419293557,-87.31085318567801,0.0,
-1.5822559071093074,-3.1303949243182316,-106.76453199104343,0.0,
-1.58255404306949,-3.1303624042349973,-106.76451170245744,0.0,
-1.5814947132514414,-3.129500793154025,-106.76440364400604,0.0,
4.700663034168187,3.152940049467546,-106.76451690076091,0.0,
-1.5367335351786964,3.1077254170145454,-87.31087231695152,0.0,
-1.5911424376600456,-3.1327229442176594,-106.7526144544121,0.0,
4.7015451845829315,3.152944546873643,-106.76450212216548,0.0,
4.701392253947176,3.152703559822051,-106.76451226170813,0.0,
-1.582447582942129,-3.1298782127681166,-106.76450505350901,0.0,
-1.5816632766935745,-3.130162765828163,-106.76450434972385,0.0,
-1.536484852097022,3.107962683765197,-87.31084391993406,0.0,
-1.6774764490559988,-3.1757343612290208,-105.25783724003136,0.0,
-1.5828082469323193,-3.130458662492635,-106.76446991156683,0.0,
4.701032603710541,3.152878855730716,-106.76453624648767,0.0,
4.701256776888396,3.1534031371855553,-106.7645010144483,0.0,
-1.5816863144128106,-3.130691366723592,-106.7644806543981,0.0,
-1.5879982608348377,-3.1270551765043733,-106.75839188029838,0.0,
-1.5362108811709945,3.1074140945466717,-87.31085460863265,0.0,
4.700444444739935,3.153310148449955,-106.76446810486618,0.0,
4.701034476548957,3.1530632444255193,-106.76453459926077,0.0,
-1.5546609153790005,-3.1214103629823864,-106.65050443166918,0.0,
-1.5852381317386872,-3.1695970254682324,-106.55069908992624,0.0,
-1.5372470783955237,3.1073646724048163,-87.31083497497508,0.0,
4.70070668953327,3.152847544239431,-106.76452012224394,0.0,
-1.5818091811394868,-3.130295519930668,-106.76452115816544,0.0,
-1.585401409232032,-3.1465422087105517,-106.72668673614211,0.0,
-1.5816378538168199,-3.1297679060013577,-106.76447077118372,0.0,
-1.5367113946360536,3.107194000606941,-87.31087285970452,0.0,
4.701141738604521,3.1524130306515077,-106.7644973787842,0.0,
-1.5828160968266514,-3.1287944134584547,-106.76418269099403,0.0,
-1.5822454088961573,-3.1302185535530533,-106.76453516995669,0.0,
4.700810625795654,3.1528346278561976,-106.76452788753343,0.0,
4.743370323423424,3.1222673699206527,-106.38651597851162,0.0,
-1.582661786007031,-3.1299840123833915,-106.76448990680217,0.0,
4.700702450569412,3.152809900696912,-106.76451861816221,0.0,
-1.5821385377445385,-3.1306926626467364,-106.76450943438695,0.0,
4.701304613317808,3.1529473298475494,-106.76452734996325,0.0,
-1.581840535332197,-3.130411191785698,-106.76452044052651,0.0,
-1.5828047305623985,-3.129476395891154,-106.76439392038075,0.0,
-1.5813996282179694,-3.129938602548958,-106.76444839576877,0.0,
4.694286974377461,3.1456415074142563,-106.75104755357609,0.0,
4.68360097373161,3.1368128027264226,-106.68760171746827,0.0,
-1.5822017919505436,-3.130252013207266,-106.76453625790744,0.0,
4.700490774756441,3.1530087384949983,-106.76449408381849,0.0,
4.7004281326170325,3.153148513697768,-106.76447848176262,0.0,
4.701916732820083,3.1520606098457535,-106.76432452646205,0.0,
-1.6034429062641062,-3.1132787776314164,-106.66212575016476,0.0,
4.664469858603,3.1329092376880054,-106.52762958764488,0.0,
-1.4795104700214359,-3.0234886551668607,-103.81863960109226,0.0,
4.701353823419501,3.15321131298703,-106.76451342855027,0.0,
-1.5819018012679287,-3.1302121483479795,-106.76452866264405,0.0,
-1.5775630231609503,-3.1253901619237165,-106.75845931528768,0.0,
4.700855621886458,3.152794864496424,-106.76452913711435,0.0,
4.71646014326626,3.165993258721136,-106.70887093255851,0.0,
-1.581725611514588,-3.1297520438061706,-106.76447968316316,0.0,
-1.5828784233944762,-3.129883060711431,-106.76444358914239,0.0,
-1.5848533001268186,-3.143315465018061,-106.74012464147671,0.0,
-1.620795154140897,-3.065006289177921,-105.97574497264412,0.0,
4.701110703421265,3.153487261297797,-106.76449482581734,0.0,
4.701499667466965,3.1533333560423173,-106.76448704805455,0.0,
4.700854650676868,3.1530412300682924,-106.76453038170467,0.0,
-1.5178208187515303,-3.067072259438224,-105.66192621837646,0.0,
4.705986478266205,3.1613382081914954,-106.75157116897083,0.0,
-1.5814921467165424,-3.1305319846964084,-106.76446716654857,0.0,
-1.5368379579995135,3.1080117625610453,-87.31083666597893,0.0,
-1.6363127617694038,-3.1632489181605585,-106.21756946596437,0.0,
4.701158971846315,3.1533043320765115,-106.76451660308621,0.0,
4.712830310920832,3.1734936315494267,-106.68794739365028,0.0,
4.695731882203263,3.1673580438059408,-106.73197798158974,0.0,
-1.536749895563889,3.1072227457559216,-87.31087411908966,0.0,
-1.58191209333234,-3.1301750798273336,-106.76452880200428,0.0,
-1.6022126361820004,-3.125486082535603,-106.70597700281726,0.0,
-1.5929517643469093,-3.134932365871418,-106.74557541441449,0.0,
-1.5620104930178949,-3.1110600088895333,-106.65908789342613,0.0,
-1.5819956941345008,-3.130237971479359,-106.76453379330302,0.0,
-1.582731553791748,-3.129902116797815,-106.76447231446714,0.0,
-1.5818073046850136,-3.130507211913903,-106.76451185790958,0.0,
-1.5818731548098282,-3.1304130991367507,-106.76452292061172,0.0,
-1.5814628768378245,-3.1309834397962746,-106.7643978321706,0.0,
-1.5759144489074752,-3.1222111788923272,-106.75043773249577,0.0,
-1.5815299576127964,-3.130808085628,-106.76444130787483,0.0,
-1.5822410502622282,-3.131005360813594,-106.7644565011769,0.0,
-1.5820131191400653,-3.130501193076958,-106.76452550688278,0.0,
-1.5822436606123502,-3.13055596276985,-106.76452226476181,0.0,
-1.5469253880444214,-3.1184270396327145,-106.57577050575877,0.0,
-1.582245496452832,-3.130531590413611,-106.76452419801606,0.0,
4.700842015863698,3.153020561028662,-106.76453023571722,0.0,
-1.5819393842494898,-3.1302797550117227,-106.76453093741576,0.0,
-1.5410285580404322,-3.1249083161273705,-106.52882048444944,0.0,
4.7013248575233755,3.152489529370227,-106.76449790647156,0.0,
4.707813481016963,3.211467170406575,-106.29115539027046,0.0,
-1.581441491285879,-3.1298288392117084,-106.76444587105372,0.0,
-1.5823093659477254,-3.130718906647868,-106.7645024432048,0.0,
-1.5822451851108785,-3.1300650132080388,-106.7645307152349,0.0,
4.7011826194708455,3.1533407974656846,-106.764511952458,0.0,
-1.5797692814119215,-3.1382045272915877,-106.75502397736359,0.0,
4.6552187412534405,3.1838250120501916,-106.34421518170916,0.0,
4.700450701186467,3.152593888510779,-106.76447261634907,0.0,
-1.5823290362131577,-3.130820869110369,-106.76448688704146,0.0,
-1.5816014871559387,-3.130618356879664,-106.76447723005916,0.0,
-1.58261184256875,-3.1309424846024725,-106.76444059262843,0.0,
-1.536980239755958,3.1070010054273767,-87.31084058175266,0.0,
4.603060065483365,3.076850084458374,-104.69008062173751,0.0,
-1.5498890299814532,-3.0547664557199425,-105.8509303326618,0.0,
-1.5694339549048457,-3.0551319562031187,-105.97583534776341,0.0,
4.632826595912335,3.205160653501387,-105.75277390789265,0.0,
4.705264014129275,3.173374812077973,-106.70495435283343,0.0,
-1.5827346784056568,-3.129886969947974,-106.76447032170027,0.0,
-1.5821022205999995,-3.1296516375996855,-106.76448791517791,0.0,
-1.5885004631997266,-3.125411005542693,-106.75571403573039,0.0,
4.704641470229952,3.152178777898998,-106.76267307756999,0.0,
-1.5817803765220217,-3.130502659448165,-106.7645095930685,0.0,
-1.5821180637725831,-3.1298899526493233,-106.7645191923668,0.0,
-1.5584380237700228,-3.0979929548792278,-106.5462743732252,0.0,
4.68604001799053,3.142305247488819,-106.71841406060632,0.0,
-1.573795596183986,-3.127368742796514,-106.75387269205031,0.0,
4.691212531190201,3.229439306137163,-105.95331015474558,0.0,
4.700333472892264,3.1527633111877877,-106.76446359122198,0.0,
4.682603974575846,3.1748082957152413,-106.65154389425265,0.0,
-1.5814075813170763,-3.130054965630899,-106.76445783209094,0.0,
-1.5828496946883823,-3.1297292857457872,-106.76443047987313,0.0,
-1.5818830595528799,-3.129972206428513,-106.76451730504073,0.0,
-1.5820776752311327,-3.1297646962011183,-106.76450430847076,0.0,
-1.5814693625483058,-3.1305894174888786,-106.76445798453123,0.0,
4.701219262836119,3.1536059456278114,-106.76447151877687,0.0,
4.7015676975709315,3.1530117696671986,-106.76449828337893,0.0,
-1.5819863260698366,-3.130031664367045,-106.76452711913575,0.0,
-1.5827289728074478,-3.129674099282396,-106.76444373771893,0.0,
4.715852019768568,3.1472504264678247,-106.72978309566736,0.0,
0.6651899236966732,0.9053886393999027,1.487019150283546,0.0,
4.701656633468943,3.1470036331054763,-106.75963798783857,0.0,
-1.5825121195480463,-3.1305697904757572,-106.76450384911892,0.0,
-1.5824749245995244,-3.130764300606414,-106.76448508265635,0.0,
4.6363918257239725,3.175803932002872,-106.12026158357125,0.0,
-1.5819162899325843,-3.0887338921043295,-106.52863281267886,0.0,
-1.5814273374797483,-3.1309037582160215,-106.76440634081709,0.0,
4.700921013402007,3.153515075276178,-106.76448889595275,0.0,
-1.5821741040836428,-3.1295496507660037,-106.76446979953782,0.0,
4.70100429103147,3.1528131235176495,-106.7645343918833,0.0,
4.73194464989635,3.0840642862343213,-105.9784812360179,0.0,
-1.616881750506321,-3.123746676510737,-106.59298098061912,0.0,
-1.582144855600536,-3.130578699013393,-106.76452161699393,0.0,
4.655144846817459,3.1341550818534856,-106.4295163570968,0.0,
-1.5815151710095345,-3.129999998479764,-106.76447467260466,0.0,
4.719382423269014,3.1586338384078876,-106.71406283285035,0.0,
4.688455541824597,3.1353375864312643,-106.70064500649171,0.0,
-1.574180001161517,-3.1412228948166545,-106.73909522166564,0.0,
-1.5814832163352883,-3.130477806287392,-106.76446946707699,0.0,
4.711331034419124,3.200617625188955,-106.43997407607847,0.0,
-1.582162298462562,-3.130255812753429,-106.76453668284556,0.0,
4.701256177577161,3.1532837299002106,-106.76451428411578,0.0,
-1.5826051468859974,-3.1304904365032025,-106.76449936894505,0.0,
4.701648613120515,3.1532470584550363,-106.76447366825082,0.0,
4.687099591354269,3.1349547056483202,-106.69389416383316,0.0,
-1.58171123952507,-3.130143464023738,-106.76450985632125,0.0,
-1.5822901623811583,-3.1297269257185887,-106.76449646274284,0.0,
4.7495161957559,3.165471431712369,-106.42150783766441,0.0,
4.700966247637224,3.1528860361793596,-106.76453556689731,0.0,
-1.5817513820992544,-3.1301234977801444,-106.7645137734809,0.0,
-1.5814677511208928,-3.130103562688803,-106.76447163038216,0.0,
-1.5817702975567252,-3.1301820771447972,-106.76451722167188,0.0,
4.741425054987386,3.182072936164811,-106.42657988596247,0.0,
4.701181137680168,3.152811686721644,-106.76453188931893,0.0,
-1.5823209296620906,-3.130375108090966,-106.76453014277595,0.0,
4.7015351494019075,3.1536154806110765,-106.76444118111158,0.0,
4.70104308558294,3.152355287890053,-106.76449002037836,0.0,
-1.5368685815867675,3.1074459880104106,-87.31087691855879,0.0,
4.669342600180937,3.174664675343111,-106.5608616815935,0.0,
-1.428971849810152,-2.5070007456406342,-66.84619270584037,0.0,
4.652336168006795,3.0922869261326094,-105.94195503863892,0.0,
-1.5827484045277456,-3.12992586958807,-106.76447173547248,0.0,
-1.592241080316034,-3.1299856502767223,-106.75051912935747,0.0,
-1.5821861966464863,-3.13075015244383,-106.7645017193509,0.0,
-1.5819911328149023,-3.1304184496872924,-106.76452951713776,0.0,
-1.5821856439170698,-3.1297435320871125,-106.76450165269377,0.0,
-1.581895930239572,-3.1303188840597898,-106.76452767066475,0.0,
4.701729637258948,3.1535049365009926,-106.76442868235758,0.0,
4.700692391752378,3.1528471148342745,-106.7645187645821,0.0,
-1.5826534458698587,-3.1303228247369845,-106.76450012168637,0.0,
-1.582338832192729,-3.130500986464545,-106.76452265769943,0.0,
-1.5363251090886285,3.10759210119658,-87.31086484843098,0.0,
4.7394731240988515,3.1481398727491547,-106.5580570851993,0.0,
4.700840912416268,3.1533546262021805,-106.7645071806326,0.0,
4.710887544548736,3.168492340626937,-106.71831268724186,0.0,
-1.5928499474525728,-3.1209053519569845,-106.73662441483711,0.0,
-1.6027796330711146,-3.175774381576142,-106.42333589255051,0.0,
-1.581960115899621,-3.130007900117386,-106.76452443949516,0.0,
4.729697651448764,3.131641812251847,-106.58812586807015,0.0,
-1.5944406674684886,-3.11987073246664,-106.72875113402858,0.0,
-1.5820759821858328,-3.130128978289391,-106.76453425529566,0.0,
-1.5801092543783095,-3.1298785232914597,-106.76395177562232,0.0,
4.701157765163742,3.1533393789024142,-106.76451295692237,0.0,
-1.5829140734644067,-3.12966610219467,-106.76440770492121,0.0,
-1.5823234942911613,-3.130538317944655,-106.76452066102958,0.0,
-1.5817230212124758,-3.1301641564253533,-106.76451174173278,0.0,
-1.5956198257598997,-3.110906033817133,-106.68779823082713,0.0,
-1.5819584601747045,-3.1302031082839865,-106.7645318657928,0.0,
4.701463888736828,3.1529896469368626,-106.76451211030464,0.0,
4.699910717446355,3.1582585097839475,-106.7604618774844,0.0,
4.701055708369571,3.152937941774759,-106.76453672747316,0.0,
-1.5826599910099213,-3.130460662241318,-106.76449384690866,0.0,
-1.5865996125135122,-3.135902588685565,-106.75746157973192,0.0,
4.723330667166101,3.180118249890978,-106.59618141347467,0.0,
-1.542382038611385,-3.12155168284421,-106.53764316982378,0.0,
4.714770652403809,3.1609318662629606,-106.73007987338168,0.0,
4.711363159968871,3.1969492557558503,-106.48569413522455,0.0,
-1.5821046032813593,-3.1301566006796815,-106.76453544413027,0.0,
-1.5820272037649998,-3.1299710533667935,-106.76452454908501,0.0,
-1.5826003264735151,-3.130537387711689,-106.76449657265493,0.0,
-1.582866431527791,-3.1406810036434267,-106.74951758469801,0.0,
-1.5815772661716292,-3.129846113000682,-106.76447129174106,0.0,
-1.58233866550774,-3.130318690473904,-106.76453076298287,0.0,
4.700670310830588,3.1525764407994687,-106.7644999081761,0.0,
-1.5814412053277054,-3.1306569636940127,-106.76444557383286,0.0,
4.700830051290123,3.1525564014539693,-106.76451061253397,0.0,
-1.5822398808865001,-3.1304361348138965,-106.76453054928393,0.0,
-1.5385440576543084,-3.1190229267791314,-106.48711089098086,0.0,
4.701082666758426,3.1532235970207507,-106.76452539075956,0.0,
-1.581788722926833,-3.130580133685117,-106.76450409310232,0.0,
4.700902977557057,3.1852891232755165,-106.62110367271698,0.0,
4.6664603745957285,3.2023151906801344,-106.2646222421011,0.0,
4.681106442946919,3.1128655783140555,-106.49101241178553,0.0,
4.700566553599662,3.153694524311454,-106.76442633084673,0.0,
-1.5823931594703922,-3.129697573670028,-106.76448638854272,0.0,
-1.582686522368296,-3.12974737593764,-106.76446125082173,0.0,
-1.5492330185275494,-3.1656558369627383,-106.44107774962556,0.0,
4.705409598051788,3.1715521920510588,-106.71453103541637,0.0,
-1.6141819431160427,-3.2216327946270895,-105.48828929932421,0.0,
-1.264416486137869,-3.1926903728587153,-93.42451383809431,0.0,
-1.5860907852912933,-3.123718935315188,-106.75649372160224,0.0,
-1.5818815882762913,-3.1304774756671714,-106.76451999351599,0.0,
4.699874608258421,3.150035246423751,-106.76319770526476,0.0,
4.701302211420991,3.152409227240845,-106.76448877614209,0.0,
-1.5819958644431504,-3.129515080404981,-106.76446046415366,0.0,
4.701825406398314,3.1535482230610246,-106.76440253484948,0.0,
-1.582751731461918,-3.130560861419685,-106.76447252895294,0.0,
-1.5820154861586695,-3.129858137915557,-106.76451388790886,0.0,
4.744529828286052,3.1585128774541436,-106.5009544842021,0.0,
-1.5887703012770464,-3.1329968383421054,-106.75749972705691,0.0,
-1.5823248133374643,-3.129588005045836,-106.76447231103896,0.0,
-1.5821100205942058,-3.130676981106565,-106.76451115769997,0.0,
-1.5910062987252143,-3.1951507746366308,-106.17698836786727,0.0,
4.701126324145678,3.152985292565633,-106.76453550526004,0.0,
4.700998541420319,3.153782772677381,-106.76443848532473,0.0,
4.701267303115658,3.1522478505250975,-106.76446401280758,0.0,
-1.582243240623127,-3.1304668292839484,-106.764528738637,0.0,
-1.5816751596942922,-3.1304647555345024,-106.76450006192158,0.0,
-1.5819973046877425,-3.130308735347289,-106.76453332160146,0.0,
4.700625925172568,3.1530234505793233,-106.76451177758626,0.0,
-1.5822616769047175,-3.1300380788797573,-106.76452875409164,0.0,
-1.5820899677692908,-3.1305487299115553,-106.76452382068621,0.0,
-1.5816938852853568,-3.1295473002907497,-106.76444253248245,0.0,
-1.581967271101446,-3.1301760452650735,-106.7645318828172,0.0,
4.701232551191475,3.153175588605944,-106.76452418554601,0.0,
-1.5831820910551453,-3.107455299382043,-106.69309052956737,0.0,
-1.5817517814760653,-3.1299583189510947,-106.76450459742979,0.0,
-1.5824401755171595,-3.1302802283008067,-106.76452441572755,0.0,
-1.5828278852316693,-3.1299903910761286,-106.76446278337247,0.0,
4.697319117159221,3.1439972192734196,-106.75171080329268,0.0,
-1.5372782942368515,3.107774634727713,-87.31081708655864,0.0,
-1.5818333666566056,-3.1303328833817847,-106.764522578595,0.0,
-1.6175101003265158,-3.0483606691930794,-105.67742089987344,0.0,
-1.5641298263180763,-3.1281931046474383,-106.71943797195439,0.0,
4.690890606062362,3.17089873922468,-106.70578164215952,0.0,
-1.5829597599999672,-3.1304603676319678,-106.76443899695623,0.0,
4.714882534211295,3.1504337289331827,-106.73728306959669,0.0,
-1.5821414761324806,-3.1301070976391925,-106.76453406810558,0.0,
-1.5735801086324328,-3.127853929888356,-106.7537162936041,0.0,
4.701412652285354,3.1536076728132665,-106.76445695685342,0.0,
4.700975516548517,3.152747852859548,-106.7645311528774,0.0,
-1.5863153688947835,-3.1350754320433305,-106.75898030975026,0.0,
-1.580106919194363,-3.139499835271637,-106.75216462518785,0.0,
-1.5823048859927946,-3.130012508028788,-106.76452549707787,0.0,
-1.5820678972325006,-3.13021224543502,-106.76453583221036,0.0,
4.701211668330471,3.1532314934893657,-106.76452115022096,0.0,
-1.5814210114603686,-3.130294395165073,-106.76446492174333,0.0,
4.690418305102839,3.170234004786323,-106.70764587678244,0.0,
-1.5822761032714652,-3.130167625733756,-106.76453340339735,0.0,
-1.581748474402981,-3.1306594654218776,-106.76449174454544,0.0,
-1.5821053618460905,-3.1302914721496595,-106.76453628576343,0.0,
-1.5822290366815102,-3.1309505527345403,-106.76446779153774,0.0,
4.6986397912826785,3.145447169914667,-106.75606681386674,0.0,
-1.5824702764555743,-3.1305311754502343,-106.7645110327005,0.0,
-1.6283638787457684,-3.1106116402659003,-106.41782104339225,0.0,
4.70290982474724,3.1653915073116403,-106.74281346150251,0.0,
4.700292448752572,3.153512702685096,-106.76441320714831,0.0,
4.7013098958279524,3.1524779088946886,-106.7644975888308,0.0,
4.688100202037151,3.2368574612397354,-105.7825146152618,0.0,
4.701545948649432,3.152718082131836,-106.76449512551598,0.0,
4.666823133616215,3.1442346228702167,-106.5942526287623,0.0,
-1.582750128261325,-3.1306790567573426,-106.76446081735986,0.0,
-1.581873304616284,-3.1299658013043072,-106.76451611714431,0.0,
4.667429235174931,3.1385154043446537,-106.58207070692755,0.0,
-1.6808408575845208,-3.1338036529832443,-105.44353700648755,0.0,
4.700839089858188,3.1529825338305937,-106.76453074615846,0.0,
-1.582381069381617,-3.1300254715380564,-106.7645220767746,0.0,
4.750216841988369,3.056065038065502,-105.14091803454109,0.0,
4.701716892598011,3.135655163687585,-106.7233951646086,0.0,
-1.614032530488247,-3.1674487167828462,-106.43745032681086,0.0,
4.7013411793387485,3.152878595849983,-106.76452401763002,0.0,
-1.5361143502352863,3.1071540266705897,-87.31082882598254,0.0,
-1.5819993339327665,-3.1302009774107806,-106.76453367040523,0.0,
4.697740327058304,3.107451643152545,-106.47910782612139,0.0,
4.701030610156467,3.1533975057227206,-106.76450777404041,0.0,
-1.593143325550558,-3.1290138067401116,-106.74768586656234,0.0,
-1.5824918266112324,-3.1309571114571066,-106.76445112308065,0.0,
4.6760952054491,3.1832969395841015,-106.55154492627484,0.0,
-1.536079746030279,3.107565856814462,-87.31083493731859,0.0,
4.7011236762571915,3.1531680506870363,-106.76452865532923,0.0,
4.686603856209592,3.15404058299414,-106.735721516751,0.0,
-1.581349214732454,-3.1301403333967963,-106.76444897166003,0.0,
4.700692659904189,3.1533582097053676,-106.76449539080983,0.0,
4.708620231479944,3.158458747636199,-106.75254388474342,0.0,
-1.5823384612296005,-3.129991809132046,-106.76452242677013,0.0,
-1.5825218320583139,-3.130178803493245,-106.76451626286789,0.0,
4.701461481565445,3.152258010926534,-106.7644485337071,0.0,
-1.5818614010072813,-3.1303111413205382,-106.7645253151578,0.0,
4.7131843975122125,3.1427371613743875,-106.72973039110039,0.0,
-1.6157418142795068,-3.0983481502465544,-106.46861322825049,0.0,
-1.582305017107025,-3.1303467134403573,-106.7645317667683,0.0,
-1.5818004437410966,-3.1301761929759735,-106.76452006781993,0.0,
-1.5715750749589175,-3.091952736010151,-106.54914120863542,0.0,
-1.5875297050927513,-3.12813625211761,-106.7599166074589,0.0,
-1.5820305477246417,-3.130214434252165,-106.76453490046686,0.0,
4.701256664310683,3.1528894624082673,-106.76453013446013,0.0,
4.671004650257176,3.1500383496336966,-106.63986194261511,0.0,
4.701258706241128,3.1534945277174424,-106.7644881267483,0.0,
-1.582728584767142,-3.130111618453371,-106.76448684536282,0.0,
4.748336583996795,3.111847792139177,-106.22150936653921,0.0,
4.7227350142054485,3.103624836656821,-106.36370309980467,0.0,
-1.5685199135501433,-3.118972166301398,-106.72188313697761,0.0,
-1.5877650525097018,-3.132500126239859,-106.75952147565276,0.0,
4.701009712090508,3.1528711976342034,-106.76453597787958,0.0,
-1.5820972076299689,-3.130340540569561,-106.76453525616444,0.0,
-1.6052830373622138,-3.1495848995235725,-106.64057305475967,0.0,
-1.5816529567586273,-3.1307703913865623,-106.7644657083671,0.0,
-1.582238037054018,-3.130626396355696,-106.7645157624529,0.0,
4.700725433202777,3.1527333080847493,-106.76451722606072,0.0,
4.701228799052449,3.152214121040698,-106.76445966317681,0.0,
-1.5759275577716056,-3.130449153446676,-106.75922166763637,0.0,
4.700794093074674,3.151270408219062,-106.76414675173464,0.0,
-1.5827777205926075,-3.130535478997046,-106.76447016998449,0.0,
-1.5821121858553677,-3.129852228736171,-106.7645152608433,0.0,
-1.5823367701490554,-3.1304282952316678,-106.76452709078625,0.0,
-1.594983290461614,-3.133089196637788,-106.74086065162486,0.0,
-1.5818845609562555,-3.130268711156131,-106.76452755504648,0.0,
4.700327957342402,3.153015269940405,-106.76446557046624,0.0,
-1.5796999621578687,-3.147279300734817,-106.72376173286429,0.0,
-1.5899614929686021,-3.13365173039855,-106.75459927832625,0.0,
-1.5466908069829586,-3.0868873948828743,-106.33772895921551,0.0,
-1.5366741435661668,3.1078937238487963,-87.31085689767603,0.0,
-1.5975160608031729,-3.1194251595537015,-106.71570820219847,0.0,
-1.5843572558005814,-3.1155364455038876,-106.73409875816378,0.0,
-1.5909393303169888,-3.126057910112426,-106.75142969834675,0.0,
-1.5825164493675365,-3.130021680126074,-106.76451037978426,0.0,
-1.5825739362125093,-3.1296495543314293,-106.7644616375694,0.0,
4.701070004553731,3.1531699223299965,-106.76452930500487,0.0,
4.701385992572979,3.152764984484639,-106.76451634760107,0.0,
-1.5821493835895093,-3.130654365263847,-106.7645139280889,0.0,
-1.5824057121406563,-3.13003016052451,-106.76452064983248,0.0,
-1.599503807348177,-3.1429941669774157,-106.70127224275645,0.0,
4.684516658339432,3.1309599578541873,-106.66138385328921,0.0,
-1.5820930315111457,-3.130362882597878,-106.76453455528126,0.0,
-1.5821594146408313,-3.1296137421794756,-106.76448163243003,0.0,
-1.5820518534858063,-3.1307333508337587,-106.76450302111523,0.0,
-1.5829091832834778,-3.1301019308154636,-106.76445283392174,0.0,
4.682139467618799,3.138202668128984,-106.68620629832347,0.0,
-1.5367876972032763,3.107927956039307,-87.3108504736031,0.0,
-1.582122259236915,-3.1299762845287074,-106.76452665198971,0.0,
-1.5818772301072335,-3.1307938245130873,-106.76448571487933,0.0,
4.704053845222983,3.1495256123764404,-106.76167084690067,0.0,
-1.5818440491283003,-3.129822924587306,-106.76450010191547,0.0,
4.7118620934151805,3.1466556800913996,-106.74289219165475,0.0,
-1.5801639296679015,-3.135468343512427,-106.76023253253341,0.0,
4.70136021236983,3.1529197137936773,-106.76452287688319,0.0,
-1.582499292445909,-3.130553356067396,-106.76450653217181,0.0,
-1.5829254058155717,-3.1309787133761096,-106.76437999799406,0.0,
4.700686430957715,3.153089058534647,-106.76451605217308,0.0,
-1.581714878827579,-3.130478301932031,-106.76450411107604,0.0,
-1.5824241539244783,-3.130392887401828,-106.76452297468657,0.0,
4.700580597926918,3.15265323291903,-106.76449643638205,0.0,
-1.5828476606964534,-3.13025702980841,-106.76446837719503,0.0,
-1.5819677592209445,-3.1301723434007886,-106.76453183357901,0.0,
-1.5524525811850765,-3.098787149592425,-106.50965003808761,0.0,
-1.5819343432639557,-3.130714349853429,-106.76450059483217,0.0,
4.701145355979632,3.1529705613640786,-106.76453517883645,0.0,
-1.5817527089532721,-3.1310217958884152,-106.76443280951878,0.0,
-1.5820890883513665,-3.1303323401209004,-106.76453534811999,0.0,
4.700781446377549,3.1528221777158367,-106.76452554215399,0.0,
-1.536508607533151,3.107180184686321,-87.31086884895991,0.0,
-1.5827737422353465,-3.13040071300391,-106.76447888891529,0.0,
4.700713155161039,3.15247375550699,-106.76449241652165,0.0,
-1.5818191371840618,-3.1309257853474537,-106.76445865092373,0.0,
-1.5783551743370268,-3.149732974518832,-106.71022965034167,0.0,
4.701516266746511,3.1521736018952713,-106.76442491204926,0.0,
4.70083281860757,3.152352811203964,-106.76448378585643,0.0,
-1.6018401090854137,-3.154819458499519,-106.62927978282556,0.0,
-1.6589148422454996,-3.1197000454653967,-105.94558842224554,0.0,
-1.5874496380486018,-3.1267183099272073,-106.7589218990327,0.0,
4.700308794331331,3.1585015838064874,-106.76020442653083,0.0,
-1.5825110827391347,-3.1297696769882295,-106.764486438557,0.0,
4.695601636021543,3.138398024840937,-106.73156850553882,0.0,
-1.5731550942768857,-3.125502856116621,-106.75043007779756,0.0,
-1.6043374651711682,-3.1263420241798263,-106.69470298765683,0.0,
-1.5815448395553005,-3.130201163603166,-106.76448749685791,0.0,
-1.5818731055271118,-3.130042365562329,-106.76452116838796,0.0,
-1.5821138512554533,-3.130427100386795,-106.76453216334095,0.0,
4.701222827609955,3.1532880570889423,-106.7645156496363,0.0,
-1.5815152590481583,-3.130107882966108,-106.76448027294984,0.0,
4.698756001386904,3.1535531591296055,-106.76376358648815,0.0,
-1.5822026211848825,-3.130134510440263,-106.76453450187931,0.0,
-1.5822883659844704,-3.130223413513226,-106.7645337315494,0.0,
-1.5824253054584445,-3.130464684755415,-106.76451933517363,0.0,
-1.5823324770046863,-3.130209904779501,-106.76453157360876,0.0,
-1.5826450896154127,-3.1304845554786853,-106.76449447116515,0.0,
-1.566294824685433,-3.1341012876768204,-106.72785748862047,0.0,
4.7018126838256435,3.152682688120853,-106.7644460162462,0.0,
-1.5815122383807425,-3.129650608853822,-106.76443413394657,0.0,
-1.5818334101173264,-3.129614778518792,-106.76446915637545,0.0,
-1.5823089876724081,-3.1299070119983545,-106.76451695539659,0.0,
4.73902293833318,3.1792383111185334,-106.47355228799593,0.0,
4.695464095504902,3.166834893379985,-106.73360803252767,0.0,
-1.5820893307115185,-3.130271157988309,-106.76453628161931,0.0,
4.701202452377447,3.1522921490068225,-106.76447566722986,0.0,
4.700969264085646,3.152224361550602,-106.76446603765403,0.0,
-1.5641579232564304,-3.101609217054983,-106.60866716931439,0.0,
-1.581758809013186,-3.1309735455348715,-106.76444345719524,0.0,
4.700744637038729,3.1531258339361186,-106.76451957979899,0.0,
-1.5827284263874608,-3.1295627118084113,-106.76442446888757,0.0,
4.7005397522987,3.1527328757937743,-106.76449633235652,0.0,
4.692098342318174,3.175117098073993,-106.68570848035384,0.0,
4.7003033932209615,3.1523083928895663,-106.76440793724115,0.0,
4.70144004518389,3.153662815160552,-106.76444359509942,0.0,
-1.5818710372164042,-3.130435801525258,-106.76452164270698,0.0,
4.6871145803901815,3.1732102135648685,-106.68100909282043,0.0,
-1.5822267340119143,-3.1308741729692064,-106.76448179790708,0.0,
-1.582457340195828,-3.1303091045193314,-106.7645226089532,0.0,
-1.5783831011763927,-3.134267967970534,-106.76034384256147,0.0,
4.700716120111515,3.152369821292787,-106.76447799149145,0.0,
-1.5986863227321109,-3.1196925593225115,-106.7113545205901,0.0,
4.701144351592949,3.1532302491269877,-106.76452370630554,0.0,
4.700559133055926,3.149008131626397,-106.76238575897585,0.0,
-1.5106576969260133,-3.130598834435736,-106.06373623948264,0.0,
4.706557402113217,3.185192072376186,-106.61813180499212,0.0,
-1.5822188390007432,-3.1302199663019175,-106.76453583894632,0.0,
-1.568350937191015,-3.146855249007991,-106.70002786966018,0.0,
-1.63001209230816,-3.122326095178282,-106.44181527370701,0.0,
-1.5828745407763911,-3.130122808786058,-106.76446077978953,0.0,
4.700282992725322,3.1530367103540127,-106.76445590402547,0.0,
4.701315817898435,3.1532776920189436,-106.7645109088225,0.0,
-1.6215337761578066,-3.1657007416338967,-106.3822346127393,0.0,
4.69137994563297,3.159581255170326,-106.74553383924369,0.0,
-1.5821658873204234,-3.1305929930302523,-106.7645202234101,0.0,
-1.5931256410190058,-3.10465243935907,-106.65762884442401,0.0,
-1.5825139254152085,-3.129767859827191,-106.7644859067174,0.0,
-1.5816743872554015,-3.130441217768599,-106.7645013172505,0.0,
-1.5871473473961297,-3.091694105682499,-106.55720358847009,0.0,
-1.5636569522090558,-3.138789673781391,-106.70722771313335,0.0,
4.70081249028935,3.1532784166257173,-106.76451341680082,0.0,
4.690037498954394,3.16360739318134,-106.73205875403148,0.0,
4.710684576213731,3.134912255970785,-106.70675394911643,0.0,
-1.5821368263246591,-3.1305715801771035,-106.76452225115784,0.0,
-1.552033652707277,-3.0793551478711185,-106.28899372790944,0.0,
4.732185458598801,3.144509663764374,-106.62095257302992,0.0,
-1.5817267474876717,-3.130567619702071,-106.76449864113272,0.0,
4.701711488415088,3.152516869613215,-106.76445040916525,0.0,
4.70122372731069,3.1532518927633033,-106.76451888656587,0.0,
4.701388164075363,3.153721172080718,-106.76443676861287,0.0,
-1.536050988147485,3.106854655952257,-87.31078138273172,0.0,
-1.5828310299324386,-3.1304708235792527,-106.7644649684509,0.0,
-1.5820359904107015,-3.130156354095269,-106.76453409502001,0.0,
4.701145684565867,3.152764746972421,-106.76453112209634,0.0,
-1.5817029789655428,-3.130959113001363,-106.76443993478901,0.0,
-1.5461854741095218,-3.1664661709261135,-106.40400896227614,0.0,
4.701573938603409,3.1525292165219447,-106.76447460499764,0.0,
-1.569569926587608,-3.0382582143662136,-105.59671046739268,0.0,
-1.619366817634996,-3.1356326973806037,-106.57113885866991,0.0,
-1.5142287743466674,-3.0625330990505324,-105.51788676462247,0.0,
4.7009355506719634,3.1532650906672366,-106.76452043873707,0.0,
4.701713317139156,3.1531432066920067,-106.76446955450707,0.0,
4.6589087408496255,3.1604763759114167,-106.51315496291701,0.0,
-1.5816040102044342,-3.1492586760665513,-106.71479693072605,0.0,
-1.5819722115093526,-3.1305846112806717,-106.76451699199075,0.0,
4.676152633405605,3.2116671767032137,-106.20625636639468,0.0,
-1.6110150779074106,-3.097075739106128,-106.49786156895422,0.0,
-1.5825141067472275,-3.130321508937254,-106.76451703317228,0.0,
-1.5719732883974782,-3.170817193544668,-106.52332999981348,0.0,
-1.5721672187763942,-3.12858934008322,-106.75051811755964,0.0,
4.701273794012177,3.152971973729773,-106.76452930101898,0.0,
-1.5370551446924021,3.10711093196574,-87.31084538981828,0.0,
-1.5822909447372933,-3.130020908050045,-106.7645266334302,0.0,
4.675988676047647,3.158729795390002,-106.67357480798626,0.0,
-1.5823331094208184,-3.1298171400728028,-106.76450622094531,0.0,
-1.5821812262226262,-3.129943020255132,-106.7645238391141,0.0,
4.700550400711064,3.152820603060059,-106.76450160034578,0.0,
-1.581965203256534,-3.129842428133618,-106.76451012215989,0.0,
4.701176059027423,3.1532473854984904,-106.76452129482831,0.0,
-1.582360109725147,-3.1306179037884014,-106.764511462511,0.0,
4.624426240748327,3.1457731527847295,-105.95936892752415,0.0,
-1.581846952058879,-3.130052049836442,-106.76451967680809,0.0,
-1.5828747814005255,-3.129757892002752,-106.76442948740923,0.0,
-1.5366419620373897,3.107268460645966,-87.31087772714852,0.0,
4.700928732390684,3.152765503733394,-106.76453087829417,0.0,
4.7206417676003865,3.1380513174882863,-106.68069997875857,0.0,
-1.5737092928333105,-3.1334347385553505,-106.75331506954491,0.0,
4.677058053119856,3.1775374394472253,-106.60160704198506,0.0,
-1.5818125584975506,-3.131005361850274,-106.76444228528777,0.0,
-1.5685175913933376,-3.1394130208379343,-106.72723039263228,0.0,
-1.5823086043671306,-3.130191937886459,-106.76453251291149,0.0,
-1.5324334780573816,-3.0816486156328726,-106.10747733773917,0.0,
-1.581492915366577,-3.129870007972723,-106.7644598092043,0.0,
4.712552410818255,3.1431029845063985,-106.73281355999008,0.0,
4.742473331961118,3.1339862808436663,-106.47775066836137,0.0,
-1.5823237849936787,-3.1301681516699618,-106.7645313407955,0.0,
